Date,"Close Price"
"2015-02-10 00:00:00",220.17
"2015-02-10 00:01:00",220.1
"2015-02-10 00:02:00",220.15
"2015-02-10 00:03:00",220.06
"2015-02-10 00:04:00",220
"2015-02-10 00:05:00",220.02
"2015-02-10 00:06:00",219.97
"2015-02-10 00:07:00",219.95
"2015-02-10 00:08:00",220.02
"2015-02-10 00:09:00",219.96
"2015-02-10 00:10:00",219.73
"2015-02-10 00:11:00",219.65
"2015-02-10 00:12:00",219.56
"2015-02-10 00:13:00",219.59
"2015-02-10 00:14:00",219.5
"2015-02-10 00:15:00",219.53
"2015-02-10 00:16:00",219.5
"2015-02-10 00:17:00",219.39
"2015-02-10 00:18:00",219.29
"2015-02-10 00:19:00",219.33
"2015-02-10 00:20:00",219.34
"2015-02-10 00:21:00",219.34
"2015-02-10 00:22:00",219.37
"2015-02-10 00:23:00",219.43
"2015-02-10 00:24:00",219.57
"2015-02-10 00:25:00",219.6
"2015-02-10 00:26:00",219.51
"2015-02-10 00:27:00",219.42
"2015-02-10 00:28:00",219.53
"2015-02-10 00:29:00",219.63
"2015-02-10 00:30:00",219.55
"2015-02-10 00:31:00",219.58
"2015-02-10 00:32:00",219.58
"2015-02-10 00:33:00",219.63
"2015-02-10 00:34:00",219.6
"2015-02-10 00:35:00",219.55
"2015-02-10 00:36:00",219.55
"2015-02-10 00:37:00",219.61
"2015-02-10 00:38:00",219.61
"2015-02-10 00:39:00",219.57
"2015-02-10 00:40:00",219.47
"2015-02-10 00:41:00",219.46
"2015-02-10 00:42:00",219.45
"2015-02-10 00:43:00",219.48
"2015-02-10 00:44:00",219.47
"2015-02-10 00:45:00",219.48
"2015-02-10 00:46:00",219.49
"2015-02-10 00:47:00",219.49
"2015-02-10 00:48:00",219.48
"2015-02-10 00:49:00",219.46
"2015-02-10 00:50:00",219.53
"2015-02-10 00:51:00",219.48
"2015-02-10 00:52:00",219.51
"2015-02-10 00:53:00",219.48
"2015-02-10 00:54:00",219.56
"2015-02-10 00:55:00",219.57
"2015-02-10 00:56:00",219.62
"2015-02-10 00:57:00",219.63
"2015-02-10 00:58:00",219.68
"2015-02-10 00:59:00",219.68
"2015-02-10 01:00:00",219.86
"2015-02-10 01:01:00",219.87
"2015-02-10 01:02:00",219.9
"2015-02-10 01:03:00",219.98
"2015-02-10 01:04:00",220.09
"2015-02-10 01:05:00",220.19
"2015-02-10 01:06:00",220.09
"2015-02-10 01:07:00",220.12
"2015-02-10 01:08:00",220.15
"2015-02-10 01:09:00",220.17
"2015-02-10 01:10:00",220.28
"2015-02-10 01:11:00",220.33
"2015-02-10 01:12:00",220.6
"2015-02-10 01:13:00",220.46
"2015-02-10 01:14:00",220.42
"2015-02-10 01:15:00",220.59
"2015-02-10 01:16:00",220.53
"2015-02-10 01:17:00",220.48
"2015-02-10 01:18:00",220.5
"2015-02-10 01:19:00",220.65
"2015-02-10 01:20:00",220.62
"2015-02-10 01:21:00",220.62
"2015-02-10 01:22:00",220.56
"2015-02-10 01:23:00",220.5
"2015-02-10 01:24:00",220.56
"2015-02-10 01:25:00",220.5
"2015-02-10 01:26:00",220.54
"2015-02-10 01:27:00",220.61
"2015-02-10 01:28:00",220.62
"2015-02-10 01:29:00",220.53
"2015-02-10 01:30:00",220.45
"2015-02-10 01:31:00",220.44
"2015-02-10 01:32:00",220.42
"2015-02-10 01:33:00",220.36
"2015-02-10 01:34:00",220.41
"2015-02-10 01:35:00",220.35
"2015-02-10 01:36:00",220.33
"2015-02-10 01:37:00",220.29
"2015-02-10 01:38:00",220.29
"2015-02-10 01:39:00",220.25
"2015-02-10 01:40:00",220.37
"2015-02-10 01:41:00",220.33
"2015-02-10 01:42:00",220.3
"2015-02-10 01:43:00",220.28
"2015-02-10 01:44:00",220.21
"2015-02-10 01:45:00",220.13
"2015-02-10 01:46:00",220.16
"2015-02-10 01:47:00",220.24
"2015-02-10 01:48:00",220.32
"2015-02-10 01:49:00",220.2
"2015-02-10 01:50:00",220.2
"2015-02-10 01:51:00",220.14
"2015-02-10 01:52:00",220.23
"2015-02-10 01:53:00",220.18
"2015-02-10 01:54:00",220.09
"2015-02-10 01:55:00",220.07
"2015-02-10 01:56:00",220.09
"2015-02-10 01:57:00",220.13
"2015-02-10 01:58:00",220.18
"2015-02-10 01:59:00",220.22
"2015-02-10 02:00:00",220.25
"2015-02-10 02:01:00",220.35
"2015-02-10 02:02:00",220.38
"2015-02-10 02:03:00",220.26
"2015-02-10 02:04:00",220.34
"2015-02-10 02:05:00",220.27
"2015-02-10 02:06:00",220.31
"2015-02-10 02:07:00",220.24
"2015-02-10 02:08:00",220.26
"2015-02-10 02:09:00",220.36
"2015-02-10 02:10:00",220.33
"2015-02-10 02:11:00",220.37
"2015-02-10 02:12:00",220.28
"2015-02-10 02:13:00",220.31
"2015-02-10 02:14:00",220.26
"2015-02-10 02:15:00",220.27
"2015-02-10 02:16:00",220.19
"2015-02-10 02:17:00",220.19
"2015-02-10 02:18:00",220.23
"2015-02-10 02:19:00",220.24
"2015-02-10 02:20:00",220.24
"2015-02-10 02:21:00",220.28
"2015-02-10 02:22:00",220.2
"2015-02-10 02:23:00",220.22
"2015-02-10 02:24:00",220.21
"2015-02-10 02:25:00",220.18
"2015-02-10 02:26:00",220.16
"2015-02-10 02:27:00",220.17
"2015-02-10 02:28:00",220.18
"2015-02-10 02:29:00",220.24
"2015-02-10 02:30:00",220.24
"2015-02-10 02:31:00",220.23
"2015-02-10 02:32:00",220.26
"2015-02-10 02:33:00",220.32
"2015-02-10 02:34:00",220.26
"2015-02-10 02:35:00",220.25
"2015-02-10 02:36:00",220.32
"2015-02-10 02:37:00",220.28
"2015-02-10 02:38:00",220.37
"2015-02-10 02:39:00",220.36
"2015-02-10 02:40:00",220.36
"2015-02-10 02:41:00",220.35
"2015-02-10 02:42:00",220.52
"2015-02-10 02:43:00",220.41
"2015-02-10 02:44:00",220.4
"2015-02-10 02:45:00",220.39
"2015-02-10 02:46:00",220.46
"2015-02-10 02:47:00",220.47
"2015-02-10 02:48:00",220.37
"2015-02-10 02:49:00",220.47
"2015-02-10 02:50:00",220.48
"2015-02-10 02:51:00",220.57
"2015-02-10 02:52:00",220.49
"2015-02-10 02:53:00",220.49
"2015-02-10 02:54:00",220.68
"2015-02-10 02:55:00",221.04
"2015-02-10 02:56:00",220.97
"2015-02-10 02:57:00",220.83
"2015-02-10 02:58:00",220.82
"2015-02-10 02:59:00",220.84
"2015-02-10 03:00:00",220.84
"2015-02-10 03:01:00",220.87
"2015-02-10 03:02:00",220.99
"2015-02-10 03:03:00",220.96
"2015-02-10 03:04:00",220.94
"2015-02-10 03:05:00",220.92
"2015-02-10 03:06:00",220.93
"2015-02-10 03:07:00",220.9
"2015-02-10 03:08:00",220.88
"2015-02-10 03:09:00",220.95
"2015-02-10 03:10:00",221.05
"2015-02-10 03:11:00",220.89
"2015-02-10 03:12:00",220.89
"2015-02-10 03:13:00",220.82
"2015-02-10 03:14:00",220.83
"2015-02-10 03:15:00",220.84
"2015-02-10 03:16:00",220.77
"2015-02-10 03:17:00",220.69
"2015-02-10 03:18:00",220.82
"2015-02-10 03:19:00",220.69
"2015-02-10 03:20:00",220.68
"2015-02-10 03:21:00",220.67
"2015-02-10 03:22:00",220.67
"2015-02-10 03:23:00",220.7
"2015-02-10 03:24:00",220.73
"2015-02-10 03:25:00",220.71
"2015-02-10 03:26:00",220.71
"2015-02-10 03:27:00",220.75
"2015-02-10 03:28:00",220.76
"2015-02-10 03:29:00",220.76
"2015-02-10 03:30:00",220.77
"2015-02-10 03:31:00",220.77
"2015-02-10 03:32:00",220.77
"2015-02-10 03:33:00",220.78
"2015-02-10 03:34:00",220.78
"2015-02-10 03:35:00",220.77
"2015-02-10 03:36:00",220.78
"2015-02-10 03:37:00",220.67
"2015-02-10 03:38:00",220.6
"2015-02-10 03:39:00",220.64
"2015-02-10 03:40:00",220.61
"2015-02-10 03:41:00",220.53
"2015-02-10 03:42:00",220.47
"2015-02-10 03:43:00",220.47
"2015-02-10 03:44:00",220.49
"2015-02-10 03:45:00",220.47
"2015-02-10 03:46:00",220.45
"2015-02-10 03:47:00",220.5
"2015-02-10 03:48:00",220.46
"2015-02-10 03:49:00",220.51
"2015-02-10 03:50:00",220.38
"2015-02-10 03:51:00",220.33
"2015-02-10 03:52:00",220.26
"2015-02-10 03:53:00",220.21
"2015-02-10 03:54:00",220.26
"2015-02-10 03:55:00",220.38
"2015-02-10 03:56:00",220.35
"2015-02-10 03:57:00",220.31
"2015-02-10 03:58:00",220.22
"2015-02-10 03:59:00",220.18
"2015-02-10 04:00:00",220.17
"2015-02-10 04:01:00",220.16
"2015-02-10 04:02:00",220.17
"2015-02-10 04:03:00",220.3
"2015-02-10 04:04:00",220.23
"2015-02-10 04:05:00",220.31
"2015-02-10 04:06:00",220.19
"2015-02-10 04:07:00",220.13
"2015-02-10 04:08:00",220.16
"2015-02-10 04:09:00",220.19
"2015-02-10 04:10:00",220.12
"2015-02-10 04:11:00",220.14
"2015-02-10 04:12:00",220.19
"2015-02-10 04:13:00",220.32
"2015-02-10 04:14:00",220.33
"2015-02-10 04:15:00",220.22
"2015-02-10 04:16:00",220.38
"2015-02-10 04:17:00",220.27
"2015-02-10 04:18:00",220.36
"2015-02-10 04:19:00",220.31
"2015-02-10 04:20:00",220.31
"2015-02-10 04:21:00",220.27
"2015-02-10 04:22:00",220.35
"2015-02-10 04:23:00",220.25
"2015-02-10 04:24:00",220.3
"2015-02-10 04:25:00",220.4
"2015-02-10 04:26:00",220.39
"2015-02-10 04:27:00",220.37
"2015-02-10 04:28:00",220.36
"2015-02-10 04:29:00",220.28
"2015-02-10 04:30:00",220.27
"2015-02-10 04:31:00",220.27
"2015-02-10 04:32:00",220.26
"2015-02-10 04:33:00",220.29
"2015-02-10 04:34:00",220.17
"2015-02-10 04:35:00",220.11
"2015-02-10 04:36:00",219.95
"2015-02-10 04:37:00",219.64
"2015-02-10 04:38:00",219.41
"2015-02-10 04:39:00",219.18
"2015-02-10 04:40:00",219.21
"2015-02-10 04:41:00",219
"2015-02-10 04:42:00",219.27
"2015-02-10 04:43:00",219.21
"2015-02-10 04:44:00",219.2
"2015-02-10 04:45:00",219.18
"2015-02-10 04:46:00",219.24
"2015-02-10 04:47:00",219.29
"2015-02-10 04:48:00",219.11
"2015-02-10 04:49:00",218.82
"2015-02-10 04:50:00",218.94
"2015-02-10 04:51:00",219.08
"2015-02-10 04:52:00",218.96
"2015-02-10 04:53:00",218.91
"2015-02-10 04:54:00",218.69
"2015-02-10 04:55:00",218.62
"2015-02-10 04:56:00",218.61
"2015-02-10 04:57:00",218.61
"2015-02-10 04:58:00",218.62
"2015-02-10 04:59:00",218.69
"2015-02-10 05:00:00",218.79
"2015-02-10 05:01:00",218.72
"2015-02-10 05:02:00",218.83
"2015-02-10 05:03:00",218.88
"2015-02-10 05:04:00",219
"2015-02-10 05:05:00",218.88
"2015-02-10 05:06:00",218.93
"2015-02-10 05:07:00",218.99
"2015-02-10 05:08:00",219.11
"2015-02-10 05:09:00",219.05
"2015-02-10 05:10:00",219.11
"2015-02-10 05:11:00",218.86
"2015-02-10 05:12:00",218.87
"2015-02-10 05:13:00",218.87
"2015-02-10 05:14:00",218.97
"2015-02-10 05:15:00",218.77
"2015-02-10 05:16:00",218.94
"2015-02-10 05:17:00",218.99
"2015-02-10 05:18:00",218.85
"2015-02-10 05:19:00",219.05
"2015-02-10 05:20:00",218.96
"2015-02-10 05:21:00",218.93
"2015-02-10 05:22:00",218.95
"2015-02-10 05:23:00",219.02
"2015-02-10 05:24:00",219.01
"2015-02-10 05:25:00",218.98
"2015-02-10 05:26:00",219.11
"2015-02-10 05:27:00",218.97
"2015-02-10 05:28:00",219.11
"2015-02-10 05:29:00",219.09
"2015-02-10 05:30:00",219.11
"2015-02-10 05:31:00",219.11
"2015-02-10 05:32:00",219.09
"2015-02-10 05:33:00",219.12
"2015-02-10 05:34:00",219.05
"2015-02-10 05:35:00",219.03
"2015-02-10 05:36:00",218.93
"2015-02-10 05:37:00",218.86
"2015-02-10 05:38:00",218.77
"2015-02-10 05:39:00",218.72
"2015-02-10 05:40:00",218.73
"2015-02-10 05:41:00",218.7
"2015-02-10 05:42:00",218.64
"2015-02-10 05:43:00",218.57
"2015-02-10 05:44:00",218.46
"2015-02-10 05:45:00",218.44
"2015-02-10 05:46:00",218.36
"2015-02-10 05:47:00",218.35
"2015-02-10 05:48:00",218.35
"2015-02-10 05:49:00",218.44
"2015-02-10 05:50:00",218.46
"2015-02-10 05:51:00",218.54
"2015-02-10 05:52:00",218.74
"2015-02-10 05:53:00",218.61
"2015-02-10 05:54:00",218.53
"2015-02-10 05:55:00",218.45
"2015-02-10 05:56:00",218.46
"2015-02-10 05:57:00",218.49
"2015-02-10 05:58:00",218.43
"2015-02-10 05:59:00",218.42
"2015-02-10 06:00:00",218.57
"2015-02-10 06:01:00",218.45
"2015-02-10 06:02:00",218.49
"2015-02-10 06:03:00",218.5
"2015-02-10 06:04:00",218.28
"2015-02-10 06:05:00",218.4
"2015-02-10 06:06:00",218.39
"2015-02-10 06:07:00",218.45
"2015-02-10 06:08:00",218.36
"2015-02-10 06:09:00",218.38
"2015-02-10 06:10:00",218.4
"2015-02-10 06:11:00",218.51
"2015-02-10 06:12:00",218.54
"2015-02-10 06:13:00",218.52
"2015-02-10 06:14:00",218.43
"2015-02-10 06:15:00",218.4
"2015-02-10 06:16:00",218.49
"2015-02-10 06:17:00",218.37
"2015-02-10 06:18:00",218.34
"2015-02-10 06:19:00",218.25
"2015-02-10 06:20:00",217.81
"2015-02-10 06:21:00",218.08
"2015-02-10 06:22:00",218.03
"2015-02-10 06:23:00",217.76
"2015-02-10 06:24:00",217.7
"2015-02-10 06:25:00",217.51
"2015-02-10 06:26:00",217.35
"2015-02-10 06:27:00",216.7
"2015-02-10 06:28:00",216.89
"2015-02-10 06:29:00",216.7
"2015-02-10 06:30:00",216.52
"2015-02-10 06:31:00",216.4
"2015-02-10 06:32:00",216.27
"2015-02-10 06:33:00",216.43
"2015-02-10 06:34:00",216.51
"2015-02-10 06:35:00",216.65
"2015-02-10 06:36:00",216.81
"2015-02-10 06:37:00",216.89
"2015-02-10 06:38:00",217.01
"2015-02-10 06:39:00",217.04
"2015-02-10 06:40:00",217.18
"2015-02-10 06:41:00",217.14
"2015-02-10 06:42:00",217.11
"2015-02-10 06:43:00",217.4
"2015-02-10 06:44:00",217.5
"2015-02-10 06:45:00",217.65
"2015-02-10 06:46:00",217.63
"2015-02-10 06:47:00",217.41
"2015-02-10 06:48:00",217.22
"2015-02-10 06:49:00",217.04
"2015-02-10 06:50:00",216.82
"2015-02-10 06:51:00",216.46
"2015-02-10 06:52:00",216.33
"2015-02-10 06:53:00",216.29
"2015-02-10 06:54:00",216.38
"2015-02-10 06:55:00",216.4
"2015-02-10 06:56:00",216.34
"2015-02-10 06:57:00",216.29
"2015-02-10 06:58:00",216.29
"2015-02-10 06:59:00",216.24
"2015-02-10 07:00:00",216.2
"2015-02-10 07:01:00",216.11
"2015-02-10 07:02:00",216.13
"2015-02-10 07:03:00",216.14
"2015-02-10 07:04:00",216.1
"2015-02-10 07:05:00",216.05
"2015-02-10 07:06:00",216.05
"2015-02-10 07:07:00",215.98
"2015-02-10 07:08:00",215.94
"2015-02-10 07:09:00",215.92
"2015-02-10 07:10:00",215.93
"2015-02-10 07:11:00",215.81
"2015-02-10 07:12:00",215.82
"2015-02-10 07:13:00",215.73
"2015-02-10 07:14:00",215.56
"2015-02-10 07:15:00",215.45
"2015-02-10 07:16:00",215.56
"2015-02-10 07:17:00",215.57
"2015-02-10 07:18:00",215.77
"2015-02-10 07:19:00",215.79
"2015-02-10 07:20:00",215.9
"2015-02-10 07:21:00",215.9
"2015-02-10 07:22:00",216.02
"2015-02-10 07:23:00",216.15
"2015-02-10 07:24:00",216.12
"2015-02-10 07:25:00",216.04
"2015-02-10 07:26:00",216.11
"2015-02-10 07:27:00",216.21
"2015-02-10 07:28:00",216.16
"2015-02-10 07:29:00",216.14
"2015-02-10 07:30:00",216.25
"2015-02-10 07:31:00",216.31
"2015-02-10 07:32:00",216.3
"2015-02-10 07:33:00",216.21
"2015-02-10 07:34:00",216.09
"2015-02-10 07:35:00",216.14
"2015-02-10 07:36:00",216.11
"2015-02-10 07:37:00",216.17
"2015-02-10 07:38:00",216.25
"2015-02-10 07:39:00",216.3
"2015-02-10 07:40:00",216.54
"2015-02-10 07:41:00",216.61
"2015-02-10 07:42:00",216.57
"2015-02-10 07:43:00",216.63
"2015-02-10 07:44:00",216.67
"2015-02-10 07:45:00",216.6
"2015-02-10 07:46:00",216.64
"2015-02-10 07:47:00",216.66
"2015-02-10 07:48:00",216.65
"2015-02-10 07:49:00",216.79
"2015-02-10 07:50:00",216.81
"2015-02-10 07:51:00",216.86
"2015-02-10 07:52:00",216.95
"2015-02-10 07:53:00",217.05
"2015-02-10 07:54:00",217.17
"2015-02-10 07:55:00",217.2
"2015-02-10 07:56:00",217.2
"2015-02-10 07:57:00",217.2
"2015-02-10 07:58:00",217.33
"2015-02-10 07:59:00",217.29
"2015-02-10 08:00:00",217.19
"2015-02-10 08:01:00",217.26
"2015-02-10 08:02:00",217.28
"2015-02-10 08:03:00",217.27
"2015-02-10 08:04:00",217.17
"2015-02-10 08:05:00",217.02
"2015-02-10 08:06:00",216.98
"2015-02-10 08:07:00",216.92
"2015-02-10 08:08:00",216.79
"2015-02-10 08:09:00",216.72
"2015-02-10 08:10:00",216.81
"2015-02-10 08:11:00",216.69
"2015-02-10 08:12:00",216.6
"2015-02-10 08:13:00",216.7
"2015-02-10 08:14:00",216.71
"2015-02-10 08:15:00",216.76
"2015-02-10 08:16:00",216.7
"2015-02-10 08:17:00",216.7
"2015-02-10 08:18:00",216.62
"2015-02-10 08:19:00",216.67
"2015-02-10 08:20:00",216.68
"2015-02-10 08:21:00",216.75
"2015-02-10 08:22:00",216.67
"2015-02-10 08:23:00",216.63
"2015-02-10 08:24:00",216.7
"2015-02-10 08:25:00",216.72
"2015-02-10 08:26:00",216.83
"2015-02-10 08:27:00",216.88
"2015-02-10 08:28:00",216.82
"2015-02-10 08:29:00",216.98
"2015-02-10 08:30:00",216.84
"2015-02-10 08:31:00",216.88
"2015-02-10 08:32:00",216.89
"2015-02-10 08:33:00",216.94
"2015-02-10 08:34:00",216.88
"2015-02-10 08:35:00",216.9
"2015-02-10 08:36:00",216.91
"2015-02-10 08:37:00",216.99
"2015-02-10 08:38:00",216.96
"2015-02-10 08:39:00",216.99
"2015-02-10 08:40:00",216.96
"2015-02-10 08:41:00",216.95
"2015-02-10 08:42:00",217.01
"2015-02-10 08:43:00",217
"2015-02-10 08:44:00",217.05
"2015-02-10 08:45:00",217.05
"2015-02-10 08:46:00",217.24
"2015-02-10 08:47:00",217.31
"2015-02-10 08:48:00",217.25
"2015-02-10 08:49:00",217.18
"2015-02-10 08:50:00",217.18
"2015-02-10 08:51:00",217.15
"2015-02-10 08:52:00",217.18
"2015-02-10 08:53:00",217.14
"2015-02-10 08:54:00",216.89
"2015-02-10 08:55:00",216.99
"2015-02-10 08:56:00",216.9
"2015-02-10 08:57:00",217.2
"2015-02-10 08:58:00",217.17
"2015-02-10 08:59:00",217.2
"2015-02-10 09:00:00",217.14
"2015-02-10 09:01:00",217.2
"2015-02-10 09:02:00",217.13
"2015-02-10 09:03:00",217.08
"2015-02-10 09:04:00",216.89
"2015-02-10 09:05:00",216.73
"2015-02-10 09:06:00",216.62
"2015-02-10 09:07:00",216.59
"2015-02-10 09:08:00",216.73
"2015-02-10 09:09:00",216.73
"2015-02-10 09:10:00",216.59
"2015-02-10 09:11:00",216.66
"2015-02-10 09:12:00",216.62
"2015-02-10 09:13:00",216.58
"2015-02-10 09:14:00",216.66
"2015-02-10 09:15:00",216.62
"2015-02-10 09:16:00",216.79
"2015-02-10 09:17:00",216.84
"2015-02-10 09:18:00",216.92
"2015-02-10 09:19:00",216.91
"2015-02-10 09:20:00",216.79
"2015-02-10 09:21:00",216.85
"2015-02-10 09:22:00",216.81
"2015-02-10 09:23:00",216.61
"2015-02-10 09:24:00",216.6
"2015-02-10 09:25:00",216.6
"2015-02-10 09:26:00",216.56
"2015-02-10 09:27:00",216.56
"2015-02-10 09:28:00",216.59
"2015-02-10 09:29:00",216.42
"2015-02-10 09:30:00",216.46
"2015-02-10 09:31:00",216.38
"2015-02-10 09:32:00",216.34
"2015-02-10 09:33:00",216.3
"2015-02-10 09:34:00",216.32
"2015-02-10 09:35:00",216.32
"2015-02-10 09:36:00",216.38
"2015-02-10 09:37:00",216.32
"2015-02-10 09:38:00",216.37
"2015-02-10 09:39:00",216.39
"2015-02-10 09:40:00",216.44
"2015-02-10 09:41:00",216.45
"2015-02-10 09:42:00",216.62
"2015-02-10 09:43:00",216.72
"2015-02-10 09:44:00",216.76
"2015-02-10 09:45:00",216.76
"2015-02-10 09:46:00",216.75
"2015-02-10 09:47:00",216.67
"2015-02-10 09:48:00",216.72
"2015-02-10 09:49:00",216.78
"2015-02-10 09:50:00",216.75
"2015-02-10 09:51:00",216.71
"2015-02-10 09:52:00",216.71
"2015-02-10 09:53:00",216.69
"2015-02-10 09:54:00",216.71
"2015-02-10 09:55:00",216.63
"2015-02-10 09:56:00",216.68
"2015-02-10 09:57:00",216.67
"2015-02-10 09:58:00",216.72
"2015-02-10 09:59:00",216.67
"2015-02-10 10:00:00",216.64
"2015-02-10 10:01:00",216.67
"2015-02-10 10:02:00",216.68
"2015-02-10 10:03:00",216.65
"2015-02-10 10:04:00",217
"2015-02-10 10:05:00",216.95
"2015-02-10 10:06:00",217.01
"2015-02-10 10:07:00",216.99
"2015-02-10 10:08:00",216.95
"2015-02-10 10:09:00",216.97
"2015-02-10 10:10:00",217.07
"2015-02-10 10:11:00",217.12
"2015-02-10 10:12:00",217.15
"2015-02-10 10:13:00",217.12
"2015-02-10 10:14:00",216.94
"2015-02-10 10:15:00",216.89
"2015-02-10 10:16:00",216.81
"2015-02-10 10:17:00",216.83
"2015-02-10 10:18:00",216.76
"2015-02-10 10:19:00",216.88
"2015-02-10 10:20:00",216.95
"2015-02-10 10:21:00",216.76
"2015-02-10 10:22:00",216.72
"2015-02-10 10:23:00",216.78
"2015-02-10 10:24:00",216.82
"2015-02-10 10:25:00",216.82
"2015-02-10 10:26:00",216.75
"2015-02-10 10:27:00",216.94
"2015-02-10 10:28:00",216.87
"2015-02-10 10:29:00",216.88
"2015-02-10 10:30:00",216.74
"2015-02-10 10:31:00",216.9
"2015-02-10 10:32:00",216.86
"2015-02-10 10:33:00",216.76
"2015-02-10 10:34:00",216.74
"2015-02-10 10:35:00",216.69
"2015-02-10 10:36:00",216.76
"2015-02-10 10:37:00",216.63
"2015-02-10 10:38:00",216.6
"2015-02-10 10:39:00",216.72
"2015-02-10 10:40:00",216.66
"2015-02-10 10:41:00",216.65
"2015-02-10 10:42:00",216.67
"2015-02-10 10:43:00",216.59
"2015-02-10 10:44:00",216.65
"2015-02-10 10:45:00",216.55
"2015-02-10 10:46:00",216.57
"2015-02-10 10:47:00",216.58
"2015-02-10 10:48:00",216.6
"2015-02-10 10:49:00",216.66
"2015-02-10 10:50:00",216.55
"2015-02-10 10:51:00",216.64
"2015-02-10 10:52:00",216.53
"2015-02-10 10:53:00",216.67
"2015-02-10 10:54:00",216.61
"2015-02-10 10:55:00",216.63
"2015-02-10 10:56:00",216.67
"2015-02-10 10:57:00",216.65
"2015-02-10 10:58:00",216.71
"2015-02-10 10:59:00",216.64
"2015-02-10 11:00:00",216.6
"2015-02-10 11:01:00",216.58
"2015-02-10 11:02:00",216.71
"2015-02-10 11:03:00",216.58
"2015-02-10 11:04:00",216.54
"2015-02-10 11:05:00",216.61
"2015-02-10 11:06:00",216.6
"2015-02-10 11:07:00",216.58
"2015-02-10 11:08:00",216.54
"2015-02-10 11:09:00",216.68
"2015-02-10 11:10:00",216.7
"2015-02-10 11:11:00",215.9
"2015-02-10 11:12:00",216.72
"2015-02-10 11:13:00",216.73
"2015-02-10 11:14:00",216.58
"2015-02-10 11:15:00",216.6
"2015-02-10 11:16:00",216.53
"2015-02-10 11:17:00",216.5
"2015-02-10 11:18:00",216.51
"2015-02-10 11:19:00",216.49
"2015-02-10 11:20:00",216.52
"2015-02-10 11:21:00",216.42
"2015-02-10 11:22:00",216.48
"2015-02-10 11:23:00",216.48
"2015-02-10 11:24:00",216.32
"2015-02-10 11:25:00",216.1
"2015-02-10 11:26:00",215.71
"2015-02-10 11:27:00",215.72
"2015-02-10 11:28:00",215.91
"2015-02-10 11:29:00",215.99
"2015-02-10 11:30:00",216.13
"2015-02-10 11:31:00",216.13
"2015-02-10 11:32:00",216.21
"2015-02-10 11:33:00",216.22
"2015-02-10 11:34:00",216.28
"2015-02-10 11:35:00",216.06
"2015-02-10 11:36:00",216.17
"2015-02-10 11:37:00",216.33
"2015-02-10 11:38:00",216.36
"2015-02-10 11:39:00",216.33
"2015-02-10 11:40:00",216.23
"2015-02-10 11:41:00",216.23
"2015-02-10 11:42:00",216.27
"2015-02-10 11:43:00",216.4
"2015-02-10 11:44:00",216.48
"2015-02-10 11:45:00",216.58
"2015-02-10 11:46:00",216.63
"2015-02-10 11:47:00",216.63
"2015-02-10 11:48:00",216.64
"2015-02-10 11:49:00",216.63
"2015-02-10 11:50:00",216.68
"2015-02-10 11:51:00",216.78
"2015-02-10 11:52:00",216.74
"2015-02-10 11:53:00",216.74
"2015-02-10 11:54:00",216.73
"2015-02-10 11:55:00",216.73
"2015-02-10 11:56:00",216.69
"2015-02-10 11:57:00",216.68
"2015-02-10 11:58:00",216.68
"2015-02-10 11:59:00",216.73
"2015-02-10 12:00:00",216.52
"2015-02-10 12:01:00",216.46
"2015-02-10 12:02:00",216.45
"2015-02-10 12:03:00",216.37
"2015-02-10 12:04:00",216.41
"2015-02-10 12:05:00",216.47
"2015-02-10 12:06:00",216.94
"2015-02-10 12:07:00",216.95
"2015-02-10 12:08:00",216.99
"2015-02-10 12:09:00",216.99
"2015-02-10 12:10:00",216.9
"2015-02-10 12:11:00",216.86
"2015-02-10 12:12:00",216.9
"2015-02-10 12:13:00",216.83
"2015-02-10 12:14:00",217.01
"2015-02-10 12:15:00",216.85
"2015-02-10 12:16:00",216.85
"2015-02-10 12:17:00",216.78
"2015-02-10 12:18:00",216.74
"2015-02-10 12:19:00",216.83
"2015-02-10 12:20:00",216.77
"2015-02-10 12:21:00",216.73
"2015-02-10 12:22:00",216.73
"2015-02-10 12:23:00",216.67
"2015-02-10 12:24:00",216.78
"2015-02-10 12:25:00",216.71
"2015-02-10 12:26:00",216.71
"2015-02-10 12:27:00",216.66
"2015-02-10 12:28:00",216.57
"2015-02-10 12:29:00",216.61
"2015-02-10 12:30:00",216.64
"2015-02-10 12:31:00",216.72
"2015-02-10 12:32:00",216.64
"2015-02-10 12:33:00",216.52
"2015-02-10 12:34:00",216.43
"2015-02-10 12:35:00",216.33
"2015-02-10 12:36:00",216.24
"2015-02-10 12:37:00",216.17
"2015-02-10 12:38:00",216.11
"2015-02-10 12:39:00",216.25
"2015-02-10 12:40:00",216.17
"2015-02-10 12:41:00",216.12
"2015-02-10 12:42:00",216.17
"2015-02-10 12:43:00",216.3
"2015-02-10 12:44:00",216.17
"2015-02-10 12:45:00",216.19
"2015-02-10 12:46:00",216.18
"2015-02-10 12:47:00",216.27
"2015-02-10 12:48:00",216.17
"2015-02-10 12:49:00",216.11
"2015-02-10 12:50:00",216.17
"2015-02-10 12:51:00",216.09
"2015-02-10 12:52:00",216.03
"2015-02-10 12:53:00",216.02
"2015-02-10 12:54:00",216.01
"2015-02-10 12:55:00",216.04
"2015-02-10 12:56:00",215.99
"2015-02-10 12:57:00",216.16
"2015-02-10 12:58:00",216.08
"2015-02-10 12:59:00",216.02
"2015-02-10 13:00:00",215.93
"2015-02-10 13:01:00",215.96
"2015-02-10 13:02:00",215.94
"2015-02-10 13:03:00",215.91
"2015-02-10 13:04:00",215.91
"2015-02-10 13:05:00",215.95
"2015-02-10 13:06:00",215.92
"2015-02-10 13:07:00",215.94
"2015-02-10 13:08:00",215.91
"2015-02-10 13:09:00",215.95
"2015-02-10 13:10:00",216.13
"2015-02-10 13:11:00",216.08
"2015-02-10 13:12:00",216.03
"2015-02-10 13:13:00",216.02
"2015-02-10 13:14:00",215.88
"2015-02-10 13:15:00",215.84
"2015-02-10 13:16:00",215.78
"2015-02-10 13:17:00",215.68
"2015-02-10 13:18:00",215.82
"2015-02-10 13:19:00",215.72
"2015-02-10 13:20:00",215.72
"2015-02-10 13:21:00",215.8
"2015-02-10 13:22:00",215.85
"2015-02-10 13:23:00",215.76
"2015-02-10 13:24:00",215.76
"2015-02-10 13:25:00",215.77
"2015-02-10 13:26:00",215.79
"2015-02-10 13:27:00",215.76
"2015-02-10 13:28:00",215.81
"2015-02-10 13:29:00",215.81
"2015-02-10 13:30:00",215.82
"2015-02-10 13:31:00",215.79
"2015-02-10 13:32:00",215.84
"2015-02-10 13:33:00",215.77
"2015-02-10 13:34:00",215.89
"2015-02-10 13:35:00",215.87
"2015-02-10 13:36:00",215.98
"2015-02-10 13:37:00",215.92
"2015-02-10 13:38:00",216
"2015-02-10 13:39:00",215.97
"2015-02-10 13:40:00",216.03
"2015-02-10 13:41:00",216.05
"2015-02-10 13:42:00",216.15
"2015-02-10 13:43:00",216.16
"2015-02-10 13:44:00",216.2
"2015-02-10 13:45:00",216.16
"2015-02-10 13:46:00",216.18
"2015-02-10 13:47:00",216.15
"2015-02-10 13:48:00",216.09
"2015-02-10 13:49:00",216.02
"2015-02-10 13:50:00",216.08
"2015-02-10 13:51:00",215.97
"2015-02-10 13:52:00",215.98
"2015-02-10 13:53:00",215.91
"2015-02-10 13:54:00",215.92
"2015-02-10 13:55:00",215.85
"2015-02-10 13:56:00",215.82
"2015-02-10 13:57:00",215.67
"2015-02-10 13:58:00",215.71
"2015-02-10 13:59:00",215.92
"2015-02-10 14:00:00",216.11
"2015-02-10 14:01:00",216.22
"2015-02-10 14:02:00",216.28
"2015-02-10 14:03:00",216.17
"2015-02-10 14:04:00",216.18
"2015-02-10 14:05:00",216.13
"2015-02-10 14:06:00",216.18
"2015-02-10 14:07:00",216.32
"2015-02-10 14:08:00",216.4
"2015-02-10 14:09:00",216.39
"2015-02-10 14:10:00",216.28
"2015-02-10 14:11:00",216.38
"2015-02-10 14:12:00",216.41
"2015-02-10 14:13:00",216.39
"2015-02-10 14:14:00",216.32
"2015-02-10 14:15:00",216.27
"2015-02-10 14:16:00",216.29
"2015-02-10 14:17:00",216.28
"2015-02-10 14:18:00",216.42
"2015-02-10 14:19:00",216.32
"2015-02-10 14:20:00",216.41
"2015-02-10 14:21:00",216.49
"2015-02-10 14:22:00",216.58
"2015-02-10 14:23:00",216.62
"2015-02-10 14:24:00",216.74
"2015-02-10 14:25:00",217.1
"2015-02-10 14:26:00",217.27
"2015-02-10 14:27:00",217.38
"2015-02-10 14:28:00",217.48
"2015-02-10 14:29:00",217.51
"2015-02-10 14:30:00",217.62
"2015-02-10 14:31:00",217.51
"2015-02-10 14:32:00",217.64
"2015-02-10 14:33:00",217.59
"2015-02-10 14:34:00",217.51
"2015-02-10 14:35:00",217.44
"2015-02-10 14:36:00",217.35
"2015-02-10 14:37:00",217.35
"2015-02-10 14:38:00",217.33
"2015-02-10 14:39:00",217.34
"2015-02-10 14:40:00",217.23
"2015-02-10 14:41:00",217.25
"2015-02-10 14:42:00",217.26
"2015-02-10 14:43:00",217.26
"2015-02-10 14:44:00",217.1
"2015-02-10 14:45:00",217.16
"2015-02-10 14:46:00",217.21
"2015-02-10 14:47:00",217.26
"2015-02-10 14:48:00",217.29
"2015-02-10 14:49:00",217.33
"2015-02-10 14:50:00",217.35
"2015-02-10 14:51:00",217.33
"2015-02-10 14:52:00",217.24
"2015-02-10 14:53:00",217.15
"2015-02-10 14:54:00",217.26
"2015-02-10 14:55:00",217.15
"2015-02-10 14:56:00",217.15
"2015-02-10 14:57:00",217.23
"2015-02-10 14:58:00",217.11
"2015-02-10 14:59:00",217.13
"2015-02-10 15:00:00",217.17
"2015-02-10 15:01:00",217.13
"2015-02-10 15:02:00",217.17
"2015-02-10 15:03:00",217.15
"2015-02-10 15:04:00",217.23
"2015-02-10 15:05:00",217.13
"2015-02-10 15:06:00",217.05
"2015-02-10 15:07:00",217
"2015-02-10 15:08:00",216.92
"2015-02-10 15:09:00",217.02
"2015-02-10 15:10:00",216.75
"2015-02-10 15:11:00",216.86
"2015-02-10 15:12:00",216.87
"2015-02-10 15:13:00",216.9
"2015-02-10 15:14:00",216.91
"2015-02-10 15:15:00",216.83
"2015-02-10 15:16:00",216.63
"2015-02-10 15:17:00",216.68
"2015-02-10 15:18:00",216.66
"2015-02-10 15:19:00",216.65
"2015-02-10 15:20:00",216.63
"2015-02-10 15:21:00",216.72
"2015-02-10 15:22:00",216.69
"2015-02-10 15:23:00",216.68
"2015-02-10 15:24:00",216.63
"2015-02-10 15:25:00",216.57
"2015-02-10 15:26:00",216.63
"2015-02-10 15:27:00",216.71
"2015-02-10 15:28:00",216.64
"2015-02-10 15:29:00",216.72
"2015-02-10 15:30:00",216.79
"2015-02-10 15:31:00",216.87
"2015-02-10 15:32:00",216.69
"2015-02-10 15:33:00",216.74
"2015-02-10 15:34:00",216.67
"2015-02-10 15:35:00",216.73
"2015-02-10 15:36:00",216.52
"2015-02-10 15:37:00",216.63
"2015-02-10 15:38:00",216.61
"2015-02-10 15:39:00",216.6
"2015-02-10 15:40:00",216.56
"2015-02-10 15:41:00",216.53
"2015-02-10 15:42:00",216.58
"2015-02-10 15:43:00",216.6
"2015-02-10 15:44:00",216.6
"2015-02-10 15:45:00",216.67
"2015-02-10 15:46:00",216.77
"2015-02-10 15:47:00",216.87
"2015-02-10 15:48:00",216.75
"2015-02-10 15:49:00",216.64
"2015-02-10 15:50:00",216.61
"2015-02-10 15:51:00",216.72
"2015-02-10 15:52:00",216.71
"2015-02-10 15:53:00",216.64
"2015-02-10 15:54:00",216.6
"2015-02-10 15:55:00",216.57
"2015-02-10 15:56:00",216.59
"2015-02-10 15:57:00",216.56
"2015-02-10 15:58:00",216.7
"2015-02-10 15:59:00",216.58
"2015-02-10 16:00:00",216.66
"2015-02-10 16:01:00",216.52
"2015-02-10 16:02:00",216.51
"2015-02-10 16:03:00",216.64
"2015-02-10 16:04:00",216.52
"2015-02-10 16:05:00",216.52
"2015-02-10 16:06:00",216.58
"2015-02-10 16:07:00",216.75
"2015-02-10 16:08:00",216.85
"2015-02-10 16:09:00",216.84
"2015-02-10 16:10:00",216.93
"2015-02-10 16:11:00",216.94
"2015-02-10 16:12:00",217.06
"2015-02-10 16:13:00",217.06
"2015-02-10 16:14:00",217.36
"2015-02-10 16:15:00",217.46
"2015-02-10 16:16:00",217.65
"2015-02-10 16:17:00",217.65
"2015-02-10 16:18:00",217.72
"2015-02-10 16:19:00",217.64
"2015-02-10 16:20:00",217.59
"2015-02-10 16:21:00",217.56
"2015-02-10 16:22:00",217.5
"2015-02-10 16:23:00",217.45
"2015-02-10 16:24:00",217.45
"2015-02-10 16:25:00",217.49
"2015-02-10 16:26:00",217.44
"2015-02-10 16:27:00",217.44
"2015-02-10 16:28:00",217.52
"2015-02-10 16:29:00",217.48
"2015-02-10 16:30:00",217.43
"2015-02-10 16:31:00",217.52
"2015-02-10 16:32:00",217.51
"2015-02-10 16:33:00",217.55
"2015-02-10 16:34:00",217.62
"2015-02-10 16:35:00",217.54
"2015-02-10 16:36:00",217.46
"2015-02-10 16:37:00",217.47
"2015-02-10 16:38:00",217.51
"2015-02-10 16:39:00",217.61
"2015-02-10 16:40:00",217.53
"2015-02-10 16:41:00",217.53
"2015-02-10 16:42:00",217.6
"2015-02-10 16:43:00",217.65
"2015-02-10 16:44:00",217.77
"2015-02-10 16:45:00",217.79
"2015-02-10 16:46:00",217.89
"2015-02-10 16:47:00",218.08
"2015-02-10 16:48:00",218.03
"2015-02-10 16:49:00",218.3
"2015-02-10 16:50:00",218.36
"2015-02-10 16:51:00",218.45
"2015-02-10 16:52:00",218.34
"2015-02-10 16:53:00",218.28
"2015-02-10 16:54:00",218.23
"2015-02-10 16:55:00",218.14
"2015-02-10 16:56:00",218.18
"2015-02-10 16:57:00",218.18
"2015-02-10 16:58:00",218.28
"2015-02-10 16:59:00",218.26
"2015-02-10 17:00:00",218.4
"2015-02-10 17:01:00",218.37
"2015-02-10 17:02:00",218.47
"2015-02-10 17:03:00",218.59
"2015-02-10 17:04:00",218.6
"2015-02-10 17:05:00",218.59
"2015-02-10 17:06:00",218.61
"2015-02-10 17:07:00",218.59
"2015-02-10 17:08:00",218.6
"2015-02-10 17:09:00",218.66
"2015-02-10 17:10:00",218.78
"2015-02-10 17:11:00",218.87
"2015-02-10 17:12:00",219.16
"2015-02-10 17:13:00",219.3
"2015-02-10 17:14:00",219.73
"2015-02-10 17:15:00",219.72
"2015-02-10 17:16:00",220.2
"2015-02-10 17:17:00",220.24
"2015-02-10 17:18:00",220.21
"2015-02-10 17:19:00",220.08
"2015-02-10 17:20:00",220.04
"2015-02-10 17:21:00",219.93
"2015-02-10 17:22:00",219.84
"2015-02-10 17:23:00",219.79
"2015-02-10 17:24:00",219.77
"2015-02-10 17:25:00",219.94
"2015-02-10 17:26:00",219.98
"2015-02-10 17:27:00",219.99
"2015-02-10 17:28:00",220.14
"2015-02-10 17:29:00",220.29
"2015-02-10 17:30:00",220.32
"2015-02-10 17:31:00",220.33
"2015-02-10 17:32:00",220.26
"2015-02-10 17:33:00",220.25
"2015-02-10 17:34:00",220.18
"2015-02-10 17:35:00",220.04
"2015-02-10 17:36:00",220.03
"2015-02-10 17:37:00",220.07
"2015-02-10 17:38:00",220.1
"2015-02-10 17:39:00",219.99
"2015-02-10 17:40:00",219.88
"2015-02-10 17:41:00",219.58
"2015-02-10 17:42:00",219.04
"2015-02-10 17:43:00",218.73
"2015-02-10 17:44:00",218.4
"2015-02-10 17:45:00",218.5
"2015-02-10 17:46:00",218.48
"2015-02-10 17:47:00",218.4
"2015-02-10 17:48:00",218.45
"2015-02-10 17:49:00",218.57
"2015-02-10 17:50:00",218.65
"2015-02-10 17:51:00",218.93
"2015-02-10 17:52:00",219.12
"2015-02-10 17:53:00",219.15
"2015-02-10 17:54:00",219.29
"2015-02-10 17:55:00",219.27
"2015-02-10 17:56:00",219.27
"2015-02-10 17:57:00",219.4
"2015-02-10 17:58:00",219.39
"2015-02-10 17:59:00",219.36
"2015-02-10 18:00:00",219.48
"2015-02-10 18:01:00",219.53
"2015-02-10 18:02:00",219.58
"2015-02-10 18:03:00",219.51
"2015-02-10 18:04:00",219.5
"2015-02-10 18:05:00",219.57
"2015-02-10 18:06:00",219.56
"2015-02-10 18:07:00",219.68
"2015-02-10 18:08:00",219.78
"2015-02-10 18:09:00",219.87
"2015-02-10 18:10:00",219.83
"2015-02-10 18:11:00",219.86
"2015-02-10 18:12:00",220.04
"2015-02-10 18:13:00",219.95
"2015-02-10 18:14:00",219.97
"2015-02-10 18:15:00",219.88
"2015-02-10 18:16:00",219.85
"2015-02-10 18:17:00",219.84
"2015-02-10 18:18:00",219.84
"2015-02-10 18:19:00",219.73
"2015-02-10 18:20:00",219.85
"2015-02-10 18:21:00",220.01
"2015-02-10 18:22:00",220
"2015-02-10 18:23:00",219.91
"2015-02-10 18:24:00",219.92
"2015-02-10 18:25:00",220.01
"2015-02-10 18:26:00",220.15
"2015-02-10 18:27:00",220.5
"2015-02-10 18:28:00",220.93
"2015-02-10 18:29:00",221.38
"2015-02-10 18:30:00",221.51
"2015-02-10 18:31:00",221.49
"2015-02-10 18:32:00",221.42
"2015-02-10 18:33:00",221.35
"2015-02-10 18:34:00",221.1
"2015-02-10 18:35:00",221.11
"2015-02-10 18:36:00",221.02
"2015-02-10 18:37:00",220.93
"2015-02-10 18:38:00",220.74
"2015-02-10 18:39:00",220.68
"2015-02-10 18:40:00",220.53
"2015-02-10 18:41:00",220.45
"2015-02-10 18:42:00",220.64
"2015-02-10 18:43:00",220.64
"2015-02-10 18:44:00",220.69
"2015-02-10 18:45:00",220.71
"2015-02-10 18:46:00",220.74
"2015-02-10 18:47:00",220.85
"2015-02-10 18:48:00",220.76
"2015-02-10 18:49:00",220.8
"2015-02-10 18:50:00",220.48
"2015-02-10 18:51:00",220.67
"2015-02-10 18:52:00",220.54
"2015-02-10 18:53:00",220.69
"2015-02-10 18:54:00",220.57
"2015-02-10 18:55:00",220.68
"2015-02-10 18:56:00",220.64
"2015-02-10 18:57:00",220.67
"2015-02-10 18:58:00",220.66
"2015-02-10 18:59:00",220.66
"2015-02-10 19:00:00",220.68
"2015-02-10 19:01:00",220.8
"2015-02-10 19:02:00",220.77
"2015-02-10 19:03:00",220.7
"2015-02-10 19:04:00",220.68
"2015-02-10 19:05:00",220.55
"2015-02-10 19:06:00",220.64
"2015-02-10 19:07:00",220.79
"2015-02-10 19:08:00",220.76
"2015-02-10 19:09:00",220.73
"2015-02-10 19:10:00",220.71
"2015-02-10 19:11:00",220.71
"2015-02-10 19:12:00",220.69
"2015-02-10 19:13:00",220.79
"2015-02-10 19:14:00",220.99
"2015-02-10 19:15:00",221.14
"2015-02-10 19:16:00",221.17
"2015-02-10 19:17:00",220.99
"2015-02-10 19:18:00",220.98
"2015-02-10 19:19:00",221.11
"2015-02-10 19:20:00",221.12
"2015-02-10 19:21:00",221.08
"2015-02-10 19:22:00",221.14
"2015-02-10 19:23:00",221.01
"2015-02-10 19:24:00",220.87
"2015-02-10 19:25:00",220.9
"2015-02-10 19:26:00",220.85
"2015-02-10 19:27:00",220.91
"2015-02-10 19:28:00",220.84
"2015-02-10 19:29:00",220.97
"2015-02-10 19:30:00",220.99
"2015-02-10 19:31:00",220.91
"2015-02-10 19:32:00",221
"2015-02-10 19:33:00",221.12
"2015-02-10 19:34:00",221.03
"2015-02-10 19:35:00",221.16
"2015-02-10 19:36:00",221.21
"2015-02-10 19:37:00",221.07
"2015-02-10 19:38:00",221.1
"2015-02-10 19:39:00",221.01
"2015-02-10 19:40:00",221.16
"2015-02-10 19:41:00",221.15
"2015-02-10 19:42:00",221.19
"2015-02-10 19:43:00",221.11
"2015-02-10 19:44:00",221.03
"2015-02-10 19:45:00",221.01
"2015-02-10 19:46:00",221
"2015-02-10 19:47:00",221.02
"2015-02-10 19:48:00",220.99
"2015-02-10 19:49:00",220.94
"2015-02-10 19:50:00",221.01
"2015-02-10 19:51:00",221.07
"2015-02-10 19:52:00",221.05
"2015-02-10 19:53:00",220.96
"2015-02-10 19:54:00",220.98
"2015-02-10 19:55:00",220.96
"2015-02-10 19:56:00",220.95
"2015-02-10 19:57:00",220.93
"2015-02-10 19:58:00",220.94
"2015-02-10 19:59:00",220.97
"2015-02-10 20:00:00",220.92
"2015-02-10 20:01:00",220.99
"2015-02-10 20:02:00",221.01
"2015-02-10 20:03:00",221.07
"2015-02-10 20:04:00",221.01
"2015-02-10 20:05:00",221
"2015-02-10 20:06:00",220.92
"2015-02-10 20:07:00",220.91
"2015-02-10 20:08:00",220.88
"2015-02-10 20:09:00",220.88
"2015-02-10 20:10:00",220.8
"2015-02-10 20:11:00",220.85
"2015-02-10 20:12:00",220.76
"2015-02-10 20:13:00",220.78
"2015-02-10 20:14:00",220.84
"2015-02-10 20:15:00",220.82
"2015-02-10 20:16:00",220.84
"2015-02-10 20:17:00",220.86
"2015-02-10 20:18:00",220.98
"2015-02-10 20:19:00",220.97
"2015-02-10 20:20:00",220.95
"2015-02-10 20:21:00",220.91
"2015-02-10 20:22:00",220.88
"2015-02-10 20:23:00",220.84
"2015-02-10 20:24:00",220.89
"2015-02-10 20:25:00",220.74
"2015-02-10 20:26:00",220.65
"2015-02-10 20:27:00",220.53
"2015-02-10 20:28:00",220.25
"2015-02-10 20:29:00",220.22
"2015-02-10 20:30:00",220.16
"2015-02-10 20:31:00",220.15
"2015-02-10 20:32:00",220.07
"2015-02-10 20:33:00",220.03
"2015-02-10 20:34:00",220.07
"2015-02-10 20:35:00",220.12
"2015-02-10 20:36:00",220.22
"2015-02-10 20:37:00",220.35
"2015-02-10 20:38:00",220.37
"2015-02-10 20:39:00",220.35
"2015-02-10 20:40:00",220.37
"2015-02-10 20:41:00",220.43
"2015-02-10 20:42:00",220.47
"2015-02-10 20:43:00",220.48
"2015-02-10 20:44:00",220.43
"2015-02-10 20:45:00",220.46
"2015-02-10 20:46:00",220.47
"2015-02-10 20:47:00",220.51
"2015-02-10 20:48:00",220.55
"2015-02-10 20:49:00",220.47
"2015-02-10 20:50:00",220.64
"2015-02-10 20:51:00",220.75
"2015-02-10 20:52:00",220.74
"2015-02-10 20:53:00",220.78
"2015-02-10 20:54:00",220.76
"2015-02-10 20:55:00",220.74
"2015-02-10 20:56:00",220.74
"2015-02-10 20:57:00",220.9
"2015-02-10 20:58:00",220.82
"2015-02-10 20:59:00",220.72
"2015-02-10 21:00:00",220.75
"2015-02-10 21:01:00",220.83
"2015-02-10 21:02:00",220.77
"2015-02-10 21:03:00",220.73
"2015-02-10 21:04:00",220.77
"2015-02-10 21:05:00",220.74
"2015-02-10 21:06:00",220.67
"2015-02-10 21:07:00",220.7
"2015-02-10 21:08:00",220.68
"2015-02-10 21:09:00",220.68
"2015-02-10 21:10:00",220.68
"2015-02-10 21:11:00",220.78
"2015-02-10 21:12:00",220.84
"2015-02-10 21:13:00",220.82
"2015-02-10 21:14:00",220.76
"2015-02-10 21:15:00",220.77
"2015-02-10 21:16:00",220.87
"2015-02-10 21:17:00",221.15
"2015-02-10 21:18:00",221.9
"2015-02-10 21:19:00",221.94
"2015-02-10 21:20:00",222.18
"2015-02-10 21:21:00",222.21
"2015-02-10 21:22:00",222.09
"2015-02-10 21:23:00",221.94
"2015-02-10 21:24:00",221.89
"2015-02-10 21:25:00",221.91
"2015-02-10 21:26:00",221.89
"2015-02-10 21:27:00",221.88
"2015-02-10 21:28:00",221.97
"2015-02-10 21:29:00",221.84
"2015-02-10 21:30:00",221.78
"2015-02-10 21:31:00",221.71
"2015-02-10 21:32:00",221.65
"2015-02-10 21:33:00",221.55
"2015-02-10 21:34:00",221.37
"2015-02-10 21:35:00",221.12
"2015-02-10 21:36:00",221.17
"2015-02-10 21:37:00",221
"2015-02-10 21:38:00",221.02
"2015-02-10 21:39:00",220.63
"2015-02-10 21:40:00",220.2
"2015-02-10 21:41:00",219.9
"2015-02-10 21:42:00",219.68
"2015-02-10 21:43:00",219.68
"2015-02-10 21:44:00",219.65
"2015-02-10 21:45:00",219.76
"2015-02-10 21:46:00",219.88
"2015-02-10 21:47:00",219.92
"2015-02-10 21:48:00",219.28
"2015-02-10 21:49:00",219.82
"2015-02-10 21:50:00",219.74
"2015-02-10 21:51:00",219.55
"2015-02-10 21:52:00",219.69
"2015-02-10 21:53:00",219.6
"2015-02-10 21:54:00",219.78
"2015-02-10 21:55:00",219.63
"2015-02-10 21:56:00",219.72
"2015-02-10 21:57:00",219.63
"2015-02-10 21:58:00",219.74
"2015-02-10 21:59:00",219.58
"2015-02-10 22:00:00",219.61
"2015-02-10 22:01:00",219.59
"2015-02-10 22:02:00",219.63
"2015-02-10 22:03:00",219.59
"2015-02-10 22:04:00",219.59
"2015-02-10 22:05:00",219.68
"2015-02-10 22:06:00",219.73
"2015-02-10 22:07:00",219.79
"2015-02-10 22:08:00",219.29
"2015-02-10 22:09:00",219.8
"2015-02-10 22:10:00",219.86
"2015-02-10 22:11:00",220
"2015-02-10 22:12:00",219.66
"2015-02-10 22:13:00",220.33
"2015-02-10 22:14:00",220.67
"2015-02-10 22:15:00",221.4
"2015-02-10 22:16:00",220.84
"2015-02-10 22:17:00",221.25
"2015-02-10 22:18:00",221.25
"2015-02-10 22:19:00",220.99
"2015-02-10 22:20:00",220.95
"2015-02-10 22:21:00",220.91
"2015-02-10 22:22:00",220.82
"2015-02-10 22:23:00",220.74
"2015-02-10 22:24:00",220.78
"2015-02-10 22:25:00",220.72
"2015-02-10 22:26:00",220.86
"2015-02-10 22:27:00",220.66
"2015-02-10 22:28:00",220.72
"2015-02-10 22:29:00",220.78
"2015-02-10 22:30:00",220.81
"2015-02-10 22:31:00",220.95
"2015-02-10 22:32:00",220.94
"2015-02-10 22:33:00",221.04
"2015-02-10 22:34:00",220.89
"2015-02-10 22:35:00",220.82
"2015-02-10 22:36:00",220.44
"2015-02-10 22:37:00",220.93
"2015-02-10 22:38:00",221.05
"2015-02-10 22:39:00",221.17
"2015-02-10 22:40:00",221.09
"2015-02-10 22:41:00",221.13
"2015-02-10 22:42:00",221.15
"2015-02-10 22:43:00",221.17
"2015-02-10 22:44:00",221.03
"2015-02-10 22:45:00",220.96
"2015-02-10 22:46:00",220.87
"2015-02-10 22:47:00",220.91
"2015-02-10 22:48:00",220.92
"2015-02-10 22:49:00",220.93
"2015-02-10 22:50:00",220.87
"2015-02-10 22:51:00",220.95
"2015-02-10 22:52:00",220.87
"2015-02-10 22:53:00",220.74
"2015-02-10 22:54:00",220.71
"2015-02-10 22:55:00",220.78
"2015-02-10 22:56:00",220.6
"2015-02-10 22:57:00",220.57
"2015-02-10 22:58:00",220.59
"2015-02-10 22:59:00",220.68
"2015-02-10 23:00:00",220.63
"2015-02-10 23:01:00",220.65
"2015-02-10 23:02:00",220.75
"2015-02-10 23:03:00",220.8
"2015-02-10 23:04:00",220.76
"2015-02-10 23:05:00",220.91
"2015-02-10 23:06:00",220.72
"2015-02-10 23:07:00",220.72
"2015-02-10 23:08:00",220.58
"2015-02-10 23:09:00",220.58
"2015-02-10 23:10:00",220.59
"2015-02-10 23:11:00",220.65
"2015-02-10 23:12:00",220.7
"2015-02-10 23:13:00",220.71
"2015-02-10 23:14:00",220.77
"2015-02-10 23:15:00",220.76
"2015-02-10 23:16:00",220.7
"2015-02-10 23:17:00",220.66
"2015-02-10 23:18:00",220.65
"2015-02-10 23:19:00",220.63
"2015-02-10 23:20:00",220.61
"2015-02-10 23:21:00",220.53
"2015-02-10 23:22:00",220.47
"2015-02-10 23:23:00",220.39
"2015-02-10 23:24:00",220.44
"2015-02-10 23:25:00",220.5
"2015-02-10 23:26:00",220.33
"2015-02-10 23:27:00",220.34
"2015-02-10 23:28:00",220.3
"2015-02-10 23:29:00",220.33
"2015-02-10 23:30:00",220.31
"2015-02-10 23:31:00",220.28
"2015-02-10 23:32:00",220.12
"2015-02-10 23:33:00",220.07
"2015-02-10 23:34:00",220.1
"2015-02-10 23:35:00",220.11
"2015-02-10 23:36:00",220.14
"2015-02-10 23:37:00",220.15
"2015-02-10 23:38:00",220.2
"2015-02-10 23:39:00",220.24
"2015-02-10 23:40:00",220.29
"2015-02-10 23:41:00",220.26
"2015-02-10 23:42:00",220.2
"2015-02-10 23:43:00",220.38
"2015-02-10 23:44:00",220.31
"2015-02-10 23:45:00",220.36
"2015-02-10 23:46:00",220.35
"2015-02-10 23:47:00",220.26
"2015-02-10 23:48:00",220.25
"2015-02-10 23:49:00",220.46
"2015-02-10 23:50:00",220.37
"2015-02-10 23:51:00",220.2
"2015-02-10 23:52:00",220.2
"2015-02-10 23:53:00",220.22
"2015-02-10 23:54:00",220.29
"2015-02-10 23:55:00",220.23
"2015-02-10 23:56:00",220.21
"2015-02-10 23:57:00",220.14
"2015-02-10 23:58:00",220.17
"2015-02-10 23:59:00",220.14
"2015-02-11 00:00:00",220.08
"2015-02-11 00:01:00",220.12
"2015-02-11 00:02:00",220.09
"2015-02-11 00:03:00",220.08
"2015-02-11 00:04:00",220.09
"2015-02-11 00:05:00",221.15
"2015-02-11 00:06:00",220.1
"2015-02-11 00:07:00",220.2
"2015-02-11 00:08:00",220.3
"2015-02-11 00:09:00",219.78
"2015-02-11 00:10:00",220.35
"2015-02-11 00:11:00",220.37
"2015-02-11 00:12:00",220.5
"2015-02-11 00:13:00",220.42
"2015-02-11 00:14:00",220.46
"2015-02-11 00:15:00",220.27
"2015-02-11 00:16:00",220.24
"2015-02-11 00:17:00",220.28
"2015-02-11 00:18:00",220.3
"2015-02-11 00:19:00",220.32
"2015-02-11 00:20:00",220.36
"2015-02-11 00:21:00",220.34
"2015-02-11 00:22:00",220.3
"2015-02-11 00:23:00",220.29
"2015-02-11 00:24:00",220.34
"2015-02-11 00:25:00",220.45
"2015-02-11 00:26:00",220.47
"2015-02-11 00:27:00",220.38
"2015-02-11 00:28:00",220.38
"2015-02-11 00:29:00",220.39
"2015-02-11 00:30:00",220.32
"2015-02-11 00:31:00",220.44
"2015-02-11 00:32:00",220.44
"2015-02-11 00:33:00",220.66
"2015-02-11 00:34:00",220.75
"2015-02-11 00:35:00",220.84
"2015-02-11 00:36:00",220.76
"2015-02-11 00:37:00",220.89
"2015-02-11 00:38:00",220.79
"2015-02-11 00:39:00",220.78
"2015-02-11 00:40:00",220.78
"2015-02-11 00:41:00",220.82
"2015-02-11 00:42:00",220.91
"2015-02-11 00:43:00",220.91
"2015-02-11 00:44:00",220.79
"2015-02-11 00:45:00",220.77
"2015-02-11 00:46:00",220.85
"2015-02-11 00:47:00",220.82
"2015-02-11 00:48:00",220.83
"2015-02-11 00:49:00",220.77
"2015-02-11 00:50:00",220.71
"2015-02-11 00:51:00",220.71
"2015-02-11 00:52:00",220.71
"2015-02-11 00:53:00",220.76
"2015-02-11 00:54:00",220.79
"2015-02-11 00:55:00",220.79
"2015-02-11 00:56:00",220.85
"2015-02-11 00:57:00",220.81
"2015-02-11 00:58:00",220.69
"2015-02-11 00:59:00",220.72
"2015-02-11 01:00:00",220.83
"2015-02-11 01:01:00",220.9
"2015-02-11 01:02:00",220.85
"2015-02-11 01:03:00",221.1
"2015-02-11 01:04:00",221.21
"2015-02-11 01:05:00",221.31
"2015-02-11 01:06:00",221.36
"2015-02-11 01:07:00",221.5
"2015-02-11 01:08:00",221.54
"2015-02-11 01:09:00",221.5
"2015-02-11 01:10:00",221.44
"2015-02-11 01:11:00",221.38
"2015-02-11 01:12:00",221.4
"2015-02-11 01:13:00",221.46
"2015-02-11 01:14:00",221.49
"2015-02-11 01:15:00",221.38
"2015-02-11 01:16:00",221.49
"2015-02-11 01:17:00",221.48
"2015-02-11 01:18:00",221.55
"2015-02-11 01:19:00",221.48
"2015-02-11 01:20:00",221.41
"2015-02-11 01:21:00",221.3
"2015-02-11 01:22:00",221.38
"2015-02-11 01:23:00",221.34
"2015-02-11 01:24:00",221.39
"2015-02-11 01:25:00",221.32
"2015-02-11 01:26:00",221.33
"2015-02-11 01:27:00",221.32
"2015-02-11 01:28:00",221.36
"2015-02-11 01:29:00",221.47
"2015-02-11 01:30:00",221.44
"2015-02-11 01:31:00",221.41
"2015-02-11 01:32:00",221.56
"2015-02-11 01:33:00",221.62
"2015-02-11 01:34:00",221.69
"2015-02-11 01:35:00",221.71
"2015-02-11 01:36:00",221.88
"2015-02-11 01:37:00",221.77
"2015-02-11 01:38:00",221.76
"2015-02-11 01:39:00",221.83
"2015-02-11 01:40:00",222.08
"2015-02-11 01:41:00",222.05
"2015-02-11 01:42:00",222.23
"2015-02-11 01:43:00",222.36
"2015-02-11 01:44:00",222.73
"2015-02-11 01:45:00",222.72
"2015-02-11 01:46:00",222.7
"2015-02-11 01:47:00",222.65
"2015-02-11 01:48:00",222.66
"2015-02-11 01:49:00",222.44
"2015-02-11 01:50:00",222.56
"2015-02-11 01:51:00",222.49
"2015-02-11 01:52:00",222.44
"2015-02-11 01:53:00",222.54
"2015-02-11 01:54:00",222.54
"2015-02-11 01:55:00",222.62
"2015-02-11 01:56:00",222.79
"2015-02-11 01:57:00",222.86
"2015-02-11 01:58:00",223.13
"2015-02-11 01:59:00",223.28
"2015-02-11 02:00:00",223.39
"2015-02-11 02:01:00",223.44
"2015-02-11 02:02:00",223.55
"2015-02-11 02:03:00",223.53
"2015-02-11 02:04:00",223.53
"2015-02-11 02:05:00",223.47
"2015-02-11 02:06:00",223.39
"2015-02-11 02:07:00",223.22
"2015-02-11 02:08:00",222.93
"2015-02-11 02:09:00",222.86
"2015-02-11 02:10:00",222.67
"2015-02-11 02:11:00",222.67
"2015-02-11 02:12:00",222.52
"2015-02-11 02:13:00",222.44
"2015-02-11 02:14:00",222.41
"2015-02-11 02:15:00",222.56
"2015-02-11 02:16:00",222.74
"2015-02-11 02:17:00",222.69
"2015-02-11 02:18:00",222.57
"2015-02-11 02:19:00",222.57
"2015-02-11 02:20:00",222.63
"2015-02-11 02:21:00",222.59
"2015-02-11 02:22:00",222.65
"2015-02-11 02:23:00",222.69
"2015-02-11 02:24:00",222.63
"2015-02-11 02:25:00",222.43
"2015-02-11 02:26:00",222.56
"2015-02-11 02:27:00",222.65
"2015-02-11 02:28:00",222.64
"2015-02-11 02:29:00",222.67
"2015-02-11 02:30:00",222.71
"2015-02-11 02:31:00",222.77
"2015-02-11 02:32:00",222.85
"2015-02-11 02:33:00",222.91
"2015-02-11 02:34:00",222.93
"2015-02-11 02:35:00",223.04
"2015-02-11 02:36:00",222.81
"2015-02-11 02:37:00",222.77
"2015-02-11 02:38:00",223
"2015-02-11 02:39:00",222.8
"2015-02-11 02:40:00",222.8
"2015-02-11 02:41:00",222.78
"2015-02-11 02:42:00",222.59
"2015-02-11 02:43:00",222.61
"2015-02-11 02:44:00",222.58
"2015-02-11 02:45:00",222.58
"2015-02-11 02:46:00",222.58
"2015-02-11 02:47:00",222.55
"2015-02-11 02:48:00",222.63
"2015-02-11 02:49:00",222.71
"2015-02-11 02:50:00",222.7
"2015-02-11 02:51:00",222.67
"2015-02-11 02:52:00",222.7
"2015-02-11 02:53:00",222.73
"2015-02-11 02:54:00",222.8
"2015-02-11 02:55:00",222.88
"2015-02-11 02:56:00",222.8
"2015-02-11 02:57:00",222.67
"2015-02-11 02:58:00",222.6
"2015-02-11 02:59:00",222.57
"2015-02-11 03:00:00",222.67
"2015-02-11 03:01:00",222.71
"2015-02-11 03:02:00",222.67
"2015-02-11 03:03:00",222.59
"2015-02-11 03:04:00",222.5
"2015-02-11 03:05:00",222.62
"2015-02-11 03:06:00",222.45
"2015-02-11 03:07:00",222.46
"2015-02-11 03:08:00",222.52
"2015-02-11 03:09:00",222.52
"2015-02-11 03:10:00",222.49
"2015-02-11 03:11:00",222.54
"2015-02-11 03:12:00",222.52
"2015-02-11 03:13:00",222.47
"2015-02-11 03:14:00",222.43
"2015-02-11 03:15:00",222.43
"2015-02-11 03:16:00",222.44
"2015-02-11 03:17:00",222.39
"2015-02-11 03:18:00",222.47
"2015-02-11 03:19:00",222.45
"2015-02-11 03:20:00",222.42
"2015-02-11 03:21:00",222.39
"2015-02-11 03:22:00",222.33
"2015-02-11 03:23:00",222.37
"2015-02-11 03:24:00",222.45
"2015-02-11 03:25:00",222.47
"2015-02-11 03:26:00",222.44
"2015-02-11 03:27:00",222.53
"2015-02-11 03:28:00",222.55
"2015-02-11 03:29:00",222.55
"2015-02-11 03:30:00",222.5
"2015-02-11 03:31:00",222.54
"2015-02-11 03:32:00",222.53
"2015-02-11 03:33:00",222.59
"2015-02-11 03:34:00",222.63
"2015-02-11 03:35:00",222.58
"2015-02-11 03:36:00",222.54
"2015-02-11 03:37:00",222.62
"2015-02-11 03:38:00",222.72
"2015-02-11 03:39:00",222.66
"2015-02-11 03:40:00",222.63
"2015-02-11 03:41:00",222.66
"2015-02-11 03:42:00",222.7
"2015-02-11 03:43:00",222.78
"2015-02-11 03:44:00",222.73
"2015-02-11 03:45:00",222.81
"2015-02-11 03:46:00",222.79
"2015-02-11 03:47:00",222.8
"2015-02-11 03:48:00",222.78
"2015-02-11 03:49:00",222.8
"2015-02-11 03:50:00",222.85
"2015-02-11 03:51:00",222.86
"2015-02-11 03:52:00",222.86
"2015-02-11 03:53:00",222.74
"2015-02-11 03:54:00",222.84
"2015-02-11 03:55:00",222.73
"2015-02-11 03:56:00",222.79
"2015-02-11 03:57:00",222.82
"2015-02-11 03:58:00",222.97
"2015-02-11 03:59:00",223
"2015-02-11 04:00:00",223
"2015-02-11 04:01:00",222.9
"2015-02-11 04:02:00",222.9
"2015-02-11 04:03:00",222.91
"2015-02-11 04:04:00",222.86
"2015-02-11 04:05:00",222.87
"2015-02-11 04:06:00",222.98
"2015-02-11 04:07:00",222.95
"2015-02-11 04:08:00",223.01
"2015-02-11 04:09:00",222.9
"2015-02-11 04:10:00",222.96
"2015-02-11 04:11:00",222.79
"2015-02-11 04:12:00",222.78
"2015-02-11 04:13:00",222.88
"2015-02-11 04:14:00",222.8
"2015-02-11 04:15:00",222.66
"2015-02-11 04:16:00",222.53
"2015-02-11 04:17:00",222.6
"2015-02-11 04:18:00",222.61
"2015-02-11 04:19:00",222.61
"2015-02-11 04:20:00",222.52
"2015-02-11 04:21:00",222.4
"2015-02-11 04:22:00",222.36
"2015-02-11 04:23:00",222.34
"2015-02-11 04:24:00",222.39
"2015-02-11 04:25:00",222.53
"2015-02-11 04:26:00",222.42
"2015-02-11 04:27:00",222.39
"2015-02-11 04:28:00",222.37
"2015-02-11 04:29:00",222.33
"2015-02-11 04:30:00",222.36
"2015-02-11 04:31:00",222.33
"2015-02-11 04:32:00",222.32
"2015-02-11 04:33:00",222.22
"2015-02-11 04:34:00",222.23
"2015-02-11 04:35:00",222.25
"2015-02-11 04:36:00",222.37
"2015-02-11 04:37:00",222.23
"2015-02-11 04:38:00",222.29
"2015-02-11 04:39:00",222.29
"2015-02-11 04:40:00",222.18
"2015-02-11 04:41:00",222.16
"2015-02-11 04:42:00",222.21
"2015-02-11 04:43:00",222.16
"2015-02-11 04:44:00",222.2
"2015-02-11 04:45:00",222.18
"2015-02-11 04:46:00",222.13
"2015-02-11 04:47:00",222.12
"2015-02-11 04:48:00",222.11
"2015-02-11 04:49:00",222.14
"2015-02-11 04:50:00",222.13
"2015-02-11 04:51:00",222.15
"2015-02-11 04:52:00",222.1
"2015-02-11 04:53:00",222.16
"2015-02-11 04:54:00",222.15
"2015-02-11 04:55:00",222.16
"2015-02-11 04:56:00",222.17
"2015-02-11 04:57:00",222.19
"2015-02-11 04:58:00",222.15
"2015-02-11 04:59:00",222.1
"2015-02-11 05:00:00",222.14
"2015-02-11 05:01:00",222.14
"2015-02-11 05:02:00",222.05
"2015-02-11 05:03:00",222.14
"2015-02-11 05:04:00",222.1
"2015-02-11 05:05:00",222.1
"2015-02-11 05:06:00",222.07
"2015-02-11 05:07:00",222.05
"2015-02-11 05:08:00",222.02
"2015-02-11 05:09:00",221.96
"2015-02-11 05:10:00",222
"2015-02-11 05:11:00",221.92
"2015-02-11 05:12:00",221.87
"2015-02-11 05:13:00",221.88
"2015-02-11 05:14:00",221.91
"2015-02-11 05:15:00",221.81
"2015-02-11 05:16:00",221.76
"2015-02-11 05:17:00",221.75
"2015-02-11 05:18:00",221.77
"2015-02-11 05:19:00",221.74
"2015-02-11 05:20:00",221.82
"2015-02-11 05:21:00",221.86
"2015-02-11 05:22:00",221.67
"2015-02-11 05:23:00",221.7
"2015-02-11 05:24:00",221.61
"2015-02-11 05:25:00",221.44
"2015-02-11 05:26:00",221.38
"2015-02-11 05:27:00",221.34
"2015-02-11 05:28:00",221.31
"2015-02-11 05:29:00",221.35
"2015-02-11 05:30:00",221.45
"2015-02-11 05:31:00",221.32
"2015-02-11 05:32:00",221.35
"2015-02-11 05:33:00",221.31
"2015-02-11 05:34:00",221.34
"2015-02-11 05:35:00",221.29
"2015-02-11 05:36:00",221.24
"2015-02-11 05:37:00",221.22
"2015-02-11 05:38:00",221.26
"2015-02-11 05:39:00",221.21
"2015-02-11 05:40:00",221.21
"2015-02-11 05:41:00",221.23
"2015-02-11 05:42:00",221.19
"2015-02-11 05:43:00",221.22
"2015-02-11 05:44:00",221.2
"2015-02-11 05:45:00",221.23
"2015-02-11 05:46:00",221.32
"2015-02-11 05:47:00",221.3
"2015-02-11 05:48:00",221.3
"2015-02-11 05:49:00",221.09
"2015-02-11 05:50:00",221.17
"2015-02-11 05:51:00",221.15
"2015-02-11 05:52:00",221.08
"2015-02-11 05:53:00",221.07
"2015-02-11 05:54:00",221.07
"2015-02-11 05:55:00",221.06
"2015-02-11 05:56:00",221.04
"2015-02-11 05:57:00",221.04
"2015-02-11 05:58:00",220.98
"2015-02-11 05:59:00",221.01
"2015-02-11 06:00:00",220.96
"2015-02-11 06:01:00",220.92
"2015-02-11 06:02:00",220.86
"2015-02-11 06:03:00",220.95
"2015-02-11 06:04:00",220.99
"2015-02-11 06:05:00",221.01
"2015-02-11 06:06:00",221.07
"2015-02-11 06:07:00",221.09
"2015-02-11 06:08:00",221.11
"2015-02-11 06:09:00",221.02
"2015-02-11 06:10:00",221.02
"2015-02-11 06:11:00",221.06
"2015-02-11 06:12:00",221.08
"2015-02-11 06:13:00",221.19
"2015-02-11 06:14:00",221.2
"2015-02-11 06:15:00",221.2
"2015-02-11 06:16:00",221.23
"2015-02-11 06:17:00",221.28
"2015-02-11 06:18:00",221.28
"2015-02-11 06:19:00",221.28
"2015-02-11 06:20:00",221.38
"2015-02-11 06:21:00",221.4
"2015-02-11 06:22:00",221.4
"2015-02-11 06:23:00",221.43
"2015-02-11 06:24:00",221.46
"2015-02-11 06:25:00",221.47
"2015-02-11 06:26:00",221.39
"2015-02-11 06:27:00",221.45
"2015-02-11 06:28:00",221.49
"2015-02-11 06:29:00",221.56
"2015-02-11 06:30:00",221.53
"2015-02-11 06:31:00",221.52
"2015-02-11 06:32:00",221.57
"2015-02-11 06:33:00",221.55
"2015-02-11 06:34:00",221.51
"2015-02-11 06:35:00",221.64
"2015-02-11 06:36:00",221.62
"2015-02-11 06:37:00",221.73
"2015-02-11 06:38:00",221.73
"2015-02-11 06:39:00",221.74
"2015-02-11 06:40:00",221.71
"2015-02-11 06:41:00",221.72
"2015-02-11 06:42:00",221.73
"2015-02-11 06:43:00",221.77
"2015-02-11 06:44:00",221.73
"2015-02-11 06:45:00",221.75
"2015-02-11 06:46:00",221.81
"2015-02-11 06:47:00",221.69
"2015-02-11 06:48:00",221.68
"2015-02-11 06:49:00",221.7
"2015-02-11 06:50:00",221.75
"2015-02-11 06:51:00",221.63
"2015-02-11 06:52:00",221.66
"2015-02-11 06:53:00",221.63
"2015-02-11 06:54:00",221.55
"2015-02-11 06:55:00",221.65
"2015-02-11 06:56:00",221.54
"2015-02-11 06:57:00",221.58
"2015-02-11 06:58:00",221.51
"2015-02-11 06:59:00",221.52
"2015-02-11 07:00:00",221.53
"2015-02-11 07:01:00",221.52
"2015-02-11 07:02:00",221.54
"2015-02-11 07:03:00",221.47
"2015-02-11 07:04:00",221.46
"2015-02-11 07:05:00",221.56
"2015-02-11 07:06:00",221.48
"2015-02-11 07:07:00",221.45
"2015-02-11 07:08:00",221.46
"2015-02-11 07:09:00",221.48
"2015-02-11 07:10:00",221.38
"2015-02-11 07:11:00",221.47
"2015-02-11 07:12:00",221.46
"2015-02-11 07:13:00",221.5
"2015-02-11 07:14:00",221.5
"2015-02-11 07:15:00",221.53
"2015-02-11 07:16:00",221.53
"2015-02-11 07:17:00",221.54
"2015-02-11 07:18:00",221.56
"2015-02-11 07:19:00",221.53
"2015-02-11 07:20:00",221.62
"2015-02-11 07:21:00",221.73
"2015-02-11 07:22:00",221.75
"2015-02-11 07:23:00",221.65
"2015-02-11 07:24:00",221.67
"2015-02-11 07:25:00",221.62
"2015-02-11 07:26:00",221.56
"2015-02-11 07:27:00",221.52
"2015-02-11 07:28:00",221.52
"2015-02-11 07:29:00",221.55
"2015-02-11 07:30:00",221.49
"2015-02-11 07:31:00",221.45
"2015-02-11 07:32:00",221.4
"2015-02-11 07:33:00",221.37
"2015-02-11 07:34:00",221.37
"2015-02-11 07:35:00",221.35
"2015-02-11 07:36:00",221.3
"2015-02-11 07:37:00",221.18
"2015-02-11 07:38:00",221.28
"2015-02-11 07:39:00",221.26
"2015-02-11 07:40:00",221.2
"2015-02-11 07:41:00",221.17
"2015-02-11 07:42:00",221.21
"2015-02-11 07:43:00",221.12
"2015-02-11 07:44:00",221.06
"2015-02-11 07:45:00",221.09
"2015-02-11 07:46:00",221.05
"2015-02-11 07:47:00",220.99
"2015-02-11 07:48:00",221
"2015-02-11 07:49:00",220.98
"2015-02-11 07:50:00",220.87
"2015-02-11 07:51:00",220.9
"2015-02-11 07:52:00",220.87
"2015-02-11 07:53:00",220.85
"2015-02-11 07:54:00",220.83
"2015-02-11 07:55:00",220.82
"2015-02-11 07:56:00",220.85
"2015-02-11 07:57:00",220.73
"2015-02-11 07:58:00",220.73
"2015-02-11 07:59:00",220.72
"2015-02-11 08:00:00",220.8
"2015-02-11 08:01:00",220.79
"2015-02-11 08:02:00",220.83
"2015-02-11 08:03:00",220.77
"2015-02-11 08:04:00",220.77
"2015-02-11 08:05:00",220.81
"2015-02-11 08:06:00",220.97
"2015-02-11 08:07:00",221
"2015-02-11 08:08:00",220.99
"2015-02-11 08:09:00",220.9
"2015-02-11 08:10:00",220.9
"2015-02-11 08:11:00",220.83
"2015-02-11 08:12:00",220.89
"2015-02-11 08:13:00",220.81
"2015-02-11 08:14:00",220.87
"2015-02-11 08:15:00",220.82
"2015-02-11 08:16:00",220.91
"2015-02-11 08:17:00",220.9
"2015-02-11 08:18:00",220.84
"2015-02-11 08:19:00",220.88
"2015-02-11 08:20:00",220.94
"2015-02-11 08:21:00",220.86
"2015-02-11 08:22:00",220.85
"2015-02-11 08:23:00",220.89
"2015-02-11 08:24:00",220.93
"2015-02-11 08:25:00",220.93
"2015-02-11 08:26:00",220.94
"2015-02-11 08:27:00",220.93
"2015-02-11 08:28:00",220.96
"2015-02-11 08:29:00",220.95
"2015-02-11 08:30:00",221.15
"2015-02-11 08:31:00",221.12
"2015-02-11 08:32:00",221.19
"2015-02-11 08:33:00",221.18
"2015-02-11 08:34:00",221.14
"2015-02-11 08:35:00",221.16
"2015-02-11 08:36:00",221.17
"2015-02-11 08:37:00",221.21
"2015-02-11 08:38:00",221.23
"2015-02-11 08:39:00",221.23
"2015-02-11 08:40:00",221.35
"2015-02-11 08:41:00",221.37
"2015-02-11 08:42:00",221.3
"2015-02-11 08:43:00",221.3
"2015-02-11 08:44:00",221.31
"2015-02-11 08:45:00",221.32
"2015-02-11 08:46:00",221.33
"2015-02-11 08:47:00",221.36
"2015-02-11 08:48:00",221.33
"2015-02-11 08:49:00",221.44
"2015-02-11 08:50:00",221.45
"2015-02-11 08:51:00",221.43
"2015-02-11 08:52:00",221.34
"2015-02-11 08:53:00",221.39
"2015-02-11 08:54:00",221.27
"2015-02-11 08:55:00",221.34
"2015-02-11 08:56:00",221.29
"2015-02-11 08:57:00",221.29
"2015-02-11 08:58:00",221.21
"2015-02-11 08:59:00",221.16
"2015-02-11 09:00:00",220.78
"2015-02-11 09:01:00",220.92
"2015-02-11 09:02:00",220.74
"2015-02-11 09:03:00",220.8
"2015-02-11 09:04:00",220.93
"2015-02-11 09:05:00",220.97
"2015-02-11 09:06:00",220.87
"2015-02-11 09:07:00",220.83
"2015-02-11 09:08:00",220.74
"2015-02-11 09:09:00",220.54
"2015-02-11 09:10:00",220.57
"2015-02-11 09:11:00",220.56
"2015-02-11 09:12:00",220.65
"2015-02-11 09:13:00",220.64
"2015-02-11 09:14:00",220.66
"2015-02-11 09:15:00",220.71
"2015-02-11 09:16:00",220.57
"2015-02-11 09:17:00",220.68
"2015-02-11 09:18:00",220.72
"2015-02-11 09:19:00",220.75
"2015-02-11 09:20:00",220.87
"2015-02-11 09:21:00",220.84
"2015-02-11 09:22:00",220.79
"2015-02-11 09:23:00",220.86
"2015-02-11 09:24:00",220.89
"2015-02-11 09:25:00",220.88
"2015-02-11 09:26:00",220.87
"2015-02-11 09:27:00",220.83
"2015-02-11 09:28:00",220.82
"2015-02-11 09:29:00",220.74
"2015-02-11 09:30:00",220.77
"2015-02-11 09:31:00",220.75
"2015-02-11 09:32:00",220.8
"2015-02-11 09:33:00",220.8
"2015-02-11 09:34:00",220.79
"2015-02-11 09:35:00",220.82
"2015-02-11 09:36:00",220.83
"2015-02-11 09:37:00",220.9
"2015-02-11 09:38:00",220.9
"2015-02-11 09:39:00",220.99
"2015-02-11 09:40:00",221.01
"2015-02-11 09:41:00",221
"2015-02-11 09:42:00",220.93
"2015-02-11 09:43:00",220.97
"2015-02-11 09:44:00",220.95
"2015-02-11 09:45:00",220.98
"2015-02-11 09:46:00",220.84
"2015-02-11 09:47:00",220.82
"2015-02-11 09:48:00",220.86
"2015-02-11 09:49:00",220.84
"2015-02-11 09:50:00",220.88
"2015-02-11 09:51:00",220.86
"2015-02-11 09:52:00",220.91
"2015-02-11 09:53:00",220.88
"2015-02-11 09:54:00",220.83
"2015-02-11 09:55:00",220.91
"2015-02-11 09:56:00",220.94
"2015-02-11 09:57:00",220.91
"2015-02-11 09:58:00",220.91
"2015-02-11 09:59:00",220.94
"2015-02-11 10:00:00",220.74
"2015-02-11 10:01:00",220.7
"2015-02-11 10:02:00",220.63
"2015-02-11 10:03:00",220.46
"2015-02-11 10:04:00",220.44
"2015-02-11 10:05:00",220.47
"2015-02-11 10:06:00",220.51
"2015-02-11 10:07:00",220.46
"2015-02-11 10:08:00",220.44
"2015-02-11 10:09:00",220.22
"2015-02-11 10:10:00",220.55
"2015-02-11 10:11:00",220.48
"2015-02-11 10:12:00",220.69
"2015-02-11 10:13:00",220.76
"2015-02-11 10:14:00",220.73
"2015-02-11 10:15:00",220.95
"2015-02-11 10:16:00",220.96
"2015-02-11 10:17:00",220.76
"2015-02-11 10:18:00",220.79
"2015-02-11 10:19:00",220.88
"2015-02-11 10:20:00",220.82
"2015-02-11 10:21:00",220.78
"2015-02-11 10:22:00",220.8
"2015-02-11 10:23:00",220.31
"2015-02-11 10:24:00",220.2
"2015-02-11 10:25:00",220.32
"2015-02-11 10:26:00",220.04
"2015-02-11 10:27:00",219.97
"2015-02-11 10:28:00",219.79
"2015-02-11 10:29:00",219.8
"2015-02-11 10:30:00",219.81
"2015-02-11 10:31:00",219.95
"2015-02-11 10:32:00",219.94
"2015-02-11 10:33:00",219.93
"2015-02-11 10:34:00",219.91
"2015-02-11 10:35:00",219.92
"2015-02-11 10:36:00",219.93
"2015-02-11 10:37:00",219.69
"2015-02-11 10:38:00",219.67
"2015-02-11 10:39:00",219.68
"2015-02-11 10:40:00",219.68
"2015-02-11 10:41:00",219.67
"2015-02-11 10:42:00",219.64
"2015-02-11 10:43:00",219.68
"2015-02-11 10:44:00",219.78
"2015-02-11 10:45:00",219.83
"2015-02-11 10:46:00",219.87
"2015-02-11 10:47:00",219.85
"2015-02-11 10:48:00",219.92
"2015-02-11 10:49:00",220.02
"2015-02-11 10:50:00",220.2
"2015-02-11 10:51:00",220.03
"2015-02-11 10:52:00",219.91
"2015-02-11 10:53:00",219.93
"2015-02-11 10:54:00",220.08
"2015-02-11 10:55:00",220.07
"2015-02-11 10:56:00",220.08
"2015-02-11 10:57:00",220.16
"2015-02-11 10:58:00",220.06
"2015-02-11 10:59:00",220.24
"2015-02-11 11:00:00",220.01
"2015-02-11 11:01:00",220.14
"2015-02-11 11:02:00",220.11
"2015-02-11 11:03:00",220.16
"2015-02-11 11:04:00",220.08
"2015-02-11 11:05:00",220.09
"2015-02-11 11:06:00",220.05
"2015-02-11 11:07:00",220.08
"2015-02-11 11:08:00",220.05
"2015-02-11 11:09:00",220.03
"2015-02-11 11:10:00",220.18
"2015-02-11 11:11:00",220.11
"2015-02-11 11:12:00",220.13
"2015-02-11 11:13:00",220.17
"2015-02-11 11:14:00",220.14
"2015-02-11 11:15:00",220.13
"2015-02-11 11:16:00",220.16
"2015-02-11 11:17:00",220.07
"2015-02-11 11:18:00",220.07
"2015-02-11 11:19:00",220.08
"2015-02-11 11:20:00",220.08
"2015-02-11 11:21:00",220.1
"2015-02-11 11:22:00",220.15
"2015-02-11 11:23:00",220.16
"2015-02-11 11:24:00",220.18
"2015-02-11 11:25:00",220.33
"2015-02-11 11:26:00",220.2
"2015-02-11 11:27:00",220.17
"2015-02-11 11:28:00",220.17
"2015-02-11 11:29:00",220.18
"2015-02-11 11:30:00",220.14
"2015-02-11 11:31:00",220.19
"2015-02-11 11:32:00",220.11
"2015-02-11 11:33:00",220.24
"2015-02-11 11:34:00",220.11
"2015-02-11 11:35:00",220.19
"2015-02-11 11:36:00",220.29
"2015-02-11 11:37:00",220.18
"2015-02-11 11:38:00",220.2
"2015-02-11 11:39:00",220.27
"2015-02-11 11:40:00",220.15
"2015-02-11 11:41:00",220.15
"2015-02-11 11:42:00",220.15
"2015-02-11 11:43:00",220.22
"2015-02-11 11:44:00",220.14
"2015-02-11 11:45:00",220.15
"2015-02-11 11:46:00",220.16
"2015-02-11 11:47:00",220.05
"2015-02-11 11:48:00",220.05
"2015-02-11 11:49:00",219.98
"2015-02-11 11:50:00",220.07
"2015-02-11 11:51:00",219.98
"2015-02-11 11:52:00",220.03
"2015-02-11 11:53:00",219.92
"2015-02-11 11:54:00",220
"2015-02-11 11:55:00",219.97
"2015-02-11 11:56:00",219.98
"2015-02-11 11:57:00",220.01
"2015-02-11 11:58:00",219.99
"2015-02-11 11:59:00",219.99
"2015-02-11 12:00:00",219.97
"2015-02-11 12:01:00",219.94
"2015-02-11 12:02:00",219.97
"2015-02-11 12:03:00",220.11
"2015-02-11 12:04:00",220.02
"2015-02-11 12:05:00",220.08
"2015-02-11 12:06:00",220.08
"2015-02-11 12:07:00",220.09
"2015-02-11 12:08:00",220.09
"2015-02-11 12:09:00",220.17
"2015-02-11 12:10:00",220.17
"2015-02-11 12:11:00",220.17
"2015-02-11 12:12:00",220.17
"2015-02-11 12:13:00",220.15
"2015-02-11 12:14:00",220.21
"2015-02-11 12:15:00",220.37
"2015-02-11 12:16:00",220.5
"2015-02-11 12:17:00",220.45
"2015-02-11 12:18:00",220.51
"2015-02-11 12:19:00",220.7
"2015-02-11 12:20:00",220.73
"2015-02-11 12:21:00",220.73
"2015-02-11 12:22:00",220.83
"2015-02-11 12:23:00",220.86
"2015-02-11 12:24:00",220.91
"2015-02-11 12:25:00",221.08
"2015-02-11 12:26:00",221.11
"2015-02-11 12:27:00",221.15
"2015-02-11 12:28:00",221.24
"2015-02-11 12:29:00",221.3
"2015-02-11 12:30:00",221.45
"2015-02-11 12:31:00",221.31
"2015-02-11 12:32:00",221.49
"2015-02-11 12:33:00",221.38
"2015-02-11 12:34:00",221.37
"2015-02-11 12:35:00",221.35
"2015-02-11 12:36:00",221.31
"2015-02-11 12:37:00",221.34
"2015-02-11 12:38:00",221.35
"2015-02-11 12:39:00",221.36
"2015-02-11 12:40:00",221.4
"2015-02-11 12:41:00",221.51
"2015-02-11 12:42:00",221.38
"2015-02-11 12:43:00",221.19
"2015-02-11 12:44:00",221.21
"2015-02-11 12:45:00",221.13
"2015-02-11 12:46:00",221.15
"2015-02-11 12:47:00",221.13
"2015-02-11 12:48:00",221.15
"2015-02-11 12:49:00",221.19
"2015-02-11 12:50:00",221.14
"2015-02-11 12:51:00",221.06
"2015-02-11 12:52:00",221.09
"2015-02-11 12:53:00",221.09
"2015-02-11 12:54:00",221.22
"2015-02-11 12:55:00",221.16
"2015-02-11 12:56:00",221.25
"2015-02-11 12:57:00",221.36
"2015-02-11 12:58:00",221.37
"2015-02-11 12:59:00",221.17
"2015-02-11 13:00:00",221.19
"2015-02-11 13:01:00",221.15
"2015-02-11 13:02:00",221.16
"2015-02-11 13:03:00",221.17
"2015-02-11 13:04:00",221.2
"2015-02-11 13:05:00",221.29
"2015-02-11 13:06:00",221.33
"2015-02-11 13:07:00",221.37
"2015-02-11 13:08:00",221.52
"2015-02-11 13:09:00",221.52
"2015-02-11 13:10:00",221.41
"2015-02-11 13:11:00",221.5
"2015-02-11 13:12:00",221.37
"2015-02-11 13:13:00",221.57
"2015-02-11 13:14:00",221.52
"2015-02-11 13:15:00",221.52
"2015-02-11 13:16:00",221.67
"2015-02-11 13:17:00",221.61
"2015-02-11 13:18:00",221.47
"2015-02-11 13:19:00",221.59
"2015-02-11 13:20:00",221.51
"2015-02-11 13:21:00",221.37
"2015-02-11 13:22:00",221.42
"2015-02-11 13:23:00",221.63
"2015-02-11 13:24:00",221.57
"2015-02-11 13:25:00",221.63
"2015-02-11 13:26:00",221.54
"2015-02-11 13:27:00",221.49
"2015-02-11 13:28:00",221.48
"2015-02-11 13:29:00",221.52
"2015-02-11 13:30:00",221.53
"2015-02-11 13:31:00",221.53
"2015-02-11 13:32:00",221.48
"2015-02-11 13:33:00",221.53
"2015-02-11 13:34:00",221.45
"2015-02-11 13:35:00",221.51
"2015-02-11 13:36:00",221.33
"2015-02-11 13:37:00",221.39
"2015-02-11 13:38:00",221.25
"2015-02-11 13:39:00",221.24
"2015-02-11 13:40:00",221.29
"2015-02-11 13:41:00",221.29
"2015-02-11 13:42:00",221.27
"2015-02-11 13:43:00",221.18
"2015-02-11 13:44:00",221.21
"2015-02-11 13:45:00",221.17
"2015-02-11 13:46:00",221.13
"2015-02-11 13:47:00",221.19
"2015-02-11 13:48:00",221.18
"2015-02-11 13:49:00",221.09
"2015-02-11 13:50:00",221.22
"2015-02-11 13:51:00",221.24
"2015-02-11 13:52:00",221.26
"2015-02-11 13:53:00",221.26
"2015-02-11 13:54:00",221.32
"2015-02-11 13:55:00",221.34
"2015-02-11 13:56:00",221.38
"2015-02-11 13:57:00",221.36
"2015-02-11 13:58:00",221.47
"2015-02-11 13:59:00",221.31
"2015-02-11 14:00:00",221.33
"2015-02-11 14:01:00",221.35
"2015-02-11 14:02:00",221.38
"2015-02-11 14:03:00",221.44
"2015-02-11 14:04:00",221.45
"2015-02-11 14:05:00",221.37
"2015-02-11 14:06:00",221.42
"2015-02-11 14:07:00",221.42
"2015-02-11 14:08:00",221.42
"2015-02-11 14:09:00",221.39
"2015-02-11 14:10:00",221.39
"2015-02-11 14:11:00",221.44
"2015-02-11 14:12:00",221.52
"2015-02-11 14:13:00",221.43
"2015-02-11 14:14:00",221.37
"2015-02-11 14:15:00",221.31
"2015-02-11 14:16:00",221.37
"2015-02-11 14:17:00",221.35
"2015-02-11 14:18:00",221.35
"2015-02-11 14:19:00",221.44
"2015-02-11 14:20:00",221.45
"2015-02-11 14:21:00",221.36
"2015-02-11 14:22:00",221.34
"2015-02-11 14:23:00",221.27
"2015-02-11 14:24:00",221.33
"2015-02-11 14:25:00",221.41
"2015-02-11 14:26:00",221.47
"2015-02-11 14:27:00",221.43
"2015-02-11 14:28:00",221.48
"2015-02-11 14:29:00",221.49
"2015-02-11 14:30:00",221.49
"2015-02-11 14:31:00",221.51
"2015-02-11 14:32:00",221.52
"2015-02-11 14:33:00",221.44
"2015-02-11 14:34:00",221.51
"2015-02-11 14:35:00",221.49
"2015-02-11 14:36:00",221.67
"2015-02-11 14:37:00",221.69
"2015-02-11 14:38:00",221.76
"2015-02-11 14:39:00",221.76
"2015-02-11 14:40:00",221.82
"2015-02-11 14:41:00",221.87
"2015-02-11 14:42:00",221.97
"2015-02-11 14:43:00",222.02
"2015-02-11 14:44:00",222.05
"2015-02-11 14:45:00",222.06
"2015-02-11 14:46:00",222.07
"2015-02-11 14:47:00",222.07
"2015-02-11 14:48:00",221.99
"2015-02-11 14:49:00",221.94
"2015-02-11 14:50:00",222.05
"2015-02-11 14:51:00",221.97
"2015-02-11 14:52:00",222.02
"2015-02-11 14:53:00",221.9
"2015-02-11 14:54:00",221.89
"2015-02-11 14:55:00",221.86
"2015-02-11 14:56:00",221.9
"2015-02-11 14:57:00",221.95
"2015-02-11 14:58:00",222
"2015-02-11 14:59:00",222.1
"2015-02-11 15:00:00",222.16
"2015-02-11 15:01:00",222.06
"2015-02-11 15:02:00",222.07
"2015-02-11 15:03:00",222.11
"2015-02-11 15:04:00",222.19
"2015-02-11 15:05:00",222.05
"2015-02-11 15:06:00",222.05
"2015-02-11 15:07:00",222.08
"2015-02-11 15:08:00",222.07
"2015-02-11 15:09:00",222.17
"2015-02-11 15:10:00",222.12
"2015-02-11 15:11:00",222.1
"2015-02-11 15:12:00",222.23
"2015-02-11 15:13:00",222.3
"2015-02-11 15:14:00",222.28
"2015-02-11 15:15:00",222.27
"2015-02-11 15:16:00",222.29
"2015-02-11 15:17:00",222.36
"2015-02-11 15:18:00",222.34
"2015-02-11 15:19:00",222.39
"2015-02-11 15:20:00",222.34
"2015-02-11 15:21:00",222.43
"2015-02-11 15:22:00",222.35
"2015-02-11 15:23:00",222.4
"2015-02-11 15:24:00",222.42
"2015-02-11 15:25:00",222.28
"2015-02-11 15:26:00",222.19
"2015-02-11 15:27:00",222.18
"2015-02-11 15:28:00",222.21
"2015-02-11 15:29:00",222.09
"2015-02-11 15:30:00",222.08
"2015-02-11 15:31:00",222.11
"2015-02-11 15:32:00",222.07
"2015-02-11 15:33:00",222.03
"2015-02-11 15:34:00",222.04
"2015-02-11 15:35:00",221.94
"2015-02-11 15:36:00",221.91
"2015-02-11 15:37:00",221.96
"2015-02-11 15:38:00",221.88
"2015-02-11 15:39:00",221.95
"2015-02-11 15:40:00",221.88
"2015-02-11 15:41:00",221.91
"2015-02-11 15:42:00",221.87
"2015-02-11 15:43:00",221.89
"2015-02-11 15:44:00",221.72
"2015-02-11 15:45:00",221.79
"2015-02-11 15:46:00",221.8
"2015-02-11 15:47:00",221.81
"2015-02-11 15:48:00",221.83
"2015-02-11 15:49:00",221.77
"2015-02-11 15:50:00",221.86
"2015-02-11 15:51:00",221.7
"2015-02-11 15:52:00",221.62
"2015-02-11 15:53:00",221.55
"2015-02-11 15:54:00",221.63
"2015-02-11 15:55:00",221.47
"2015-02-11 15:56:00",221.45
"2015-02-11 15:57:00",221.52
"2015-02-11 15:58:00",221.59
"2015-02-11 15:59:00",221.61
"2015-02-11 16:00:00",221.62
"2015-02-11 16:01:00",221.6
"2015-02-11 16:02:00",221.6
"2015-02-11 16:03:00",221.67
"2015-02-11 16:04:00",221.62
"2015-02-11 16:05:00",221.73
"2015-02-11 16:06:00",221.67
"2015-02-11 16:07:00",221.6
"2015-02-11 16:08:00",221.64
"2015-02-11 16:09:00",221.29
"2015-02-11 16:10:00",221.36
"2015-02-11 16:11:00",221.43
"2015-02-11 16:12:00",221.5
"2015-02-11 16:13:00",221.22
"2015-02-11 16:14:00",221.28
"2015-02-11 16:15:00",221.45
"2015-02-11 16:16:00",221.36
"2015-02-11 16:17:00",221.47
"2015-02-11 16:18:00",221.39
"2015-02-11 16:19:00",221.28
"2015-02-11 16:20:00",221.27
"2015-02-11 16:21:00",221.28
"2015-02-11 16:22:00",221.25
"2015-02-11 16:23:00",221.32
"2015-02-11 16:24:00",221.22
"2015-02-11 16:25:00",221.23
"2015-02-11 16:26:00",221.32
"2015-02-11 16:27:00",221.26
"2015-02-11 16:28:00",221.24
"2015-02-11 16:29:00",221.14
"2015-02-11 16:30:00",220.98
"2015-02-11 16:31:00",221.03
"2015-02-11 16:32:00",220.88
"2015-02-11 16:33:00",221.02
"2015-02-11 16:34:00",221.1
"2015-02-11 16:35:00",221.13
"2015-02-11 16:36:00",221.07
"2015-02-11 16:37:00",221.02
"2015-02-11 16:38:00",220.97
"2015-02-11 16:39:00",220.98
"2015-02-11 16:40:00",220.97
"2015-02-11 16:41:00",220.94
"2015-02-11 16:42:00",220.98
"2015-02-11 16:43:00",221.03
"2015-02-11 16:44:00",221.04
"2015-02-11 16:45:00",220.99
"2015-02-11 16:46:00",221.05
"2015-02-11 16:47:00",221
"2015-02-11 16:48:00",221.08
"2015-02-11 16:49:00",221.11
"2015-02-11 16:50:00",221.27
"2015-02-11 16:51:00",221.33
"2015-02-11 16:52:00",221.25
"2015-02-11 16:53:00",221.31
"2015-02-11 16:54:00",221.34
"2015-02-11 16:55:00",221.37
"2015-02-11 16:56:00",221.42
"2015-02-11 16:57:00",221.54
"2015-02-11 16:58:00",221.41
"2015-02-11 16:59:00",221.49
"2015-02-11 17:00:00",221.34
"2015-02-11 17:01:00",221.34
"2015-02-11 17:02:00",221.32
"2015-02-11 17:03:00",221.47
"2015-02-11 17:04:00",221.43
"2015-02-11 17:05:00",221.42
"2015-02-11 17:06:00",221.39
"2015-02-11 17:07:00",221.43
"2015-02-11 17:08:00",221.61
"2015-02-11 17:09:00",221.48
"2015-02-11 17:10:00",221.62
"2015-02-11 17:11:00",221.59
"2015-02-11 17:12:00",221.67
"2015-02-11 17:13:00",221.73
"2015-02-11 17:14:00",221.72
"2015-02-11 17:15:00",221.84
"2015-02-11 17:16:00",221.73
"2015-02-11 17:17:00",221.68
"2015-02-11 17:18:00",221.73
"2015-02-11 17:19:00",221.77
"2015-02-11 17:20:00",221.78
"2015-02-11 17:21:00",221.77
"2015-02-11 17:22:00",221.73
"2015-02-11 17:23:00",221.78
"2015-02-11 17:24:00",221.75
"2015-02-11 17:25:00",221.76
"2015-02-11 17:26:00",221.84
"2015-02-11 17:27:00",221.75
"2015-02-11 17:28:00",221.85
"2015-02-11 17:29:00",221.66
"2015-02-11 17:30:00",221.58
"2015-02-11 17:31:00",221.56
"2015-02-11 17:32:00",221.52
"2015-02-11 17:33:00",221.66
"2015-02-11 17:34:00",221.69
"2015-02-11 17:35:00",221.64
"2015-02-11 17:36:00",221.65
"2015-02-11 17:37:00",221.68
"2015-02-11 17:38:00",221.76
"2015-02-11 17:39:00",221.92
"2015-02-11 17:40:00",221.83
"2015-02-11 17:41:00",221.83
"2015-02-11 17:42:00",221.81
"2015-02-11 17:43:00",221.68
"2015-02-11 17:44:00",221.77
"2015-02-11 17:45:00",221.77
"2015-02-11 17:46:00",221.86
"2015-02-11 17:47:00",221.77
"2015-02-11 17:48:00",221.8
"2015-02-11 17:49:00",221.77
"2015-02-11 17:50:00",221.74
"2015-02-11 17:51:00",221.77
"2015-02-11 17:52:00",221.75
"2015-02-11 17:53:00",221.85
"2015-02-11 17:54:00",221.76
"2015-02-11 17:55:00",221.69
"2015-02-11 17:56:00",221.69
"2015-02-11 17:57:00",221.66
"2015-02-11 17:58:00",221.74
"2015-02-11 17:59:00",221.83
"2015-02-11 18:00:00",221.73
"2015-02-11 18:01:00",221.79
"2015-02-11 18:02:00",221.73
"2015-02-11 18:03:00",221.69
"2015-02-11 18:04:00",221.66
"2015-02-11 18:05:00",221.74
"2015-02-11 18:06:00",221.72
"2015-02-11 18:07:00",221.65
"2015-02-11 18:08:00",221.79
"2015-02-11 18:09:00",221.71
"2015-02-11 18:10:00",221.81
"2015-02-11 18:11:00",221.85
"2015-02-11 18:12:00",221.87
"2015-02-11 18:13:00",221.78
"2015-02-11 18:14:00",221.77
"2015-02-11 18:15:00",221.93
"2015-02-11 18:16:00",222
"2015-02-11 18:17:00",222.06
"2015-02-11 18:18:00",222.11
"2015-02-11 18:19:00",222.17
"2015-02-11 18:20:00",222.3
"2015-02-11 18:21:00",222.24
"2015-02-11 18:22:00",222.35
"2015-02-11 18:23:00",222.35
"2015-02-11 18:24:00",222.39
"2015-02-11 18:25:00",222.46
"2015-02-11 18:26:00",222.48
"2015-02-11 18:27:00",222.5
"2015-02-11 18:28:00",222.5
"2015-02-11 18:29:00",222.51
"2015-02-11 18:30:00",222.49
"2015-02-11 18:31:00",222.47
"2015-02-11 18:32:00",222.38
"2015-02-11 18:33:00",222.39
"2015-02-11 18:34:00",222.34
"2015-02-11 18:35:00",222.27
"2015-02-11 18:36:00",222.15
"2015-02-11 18:37:00",222.14
"2015-02-11 18:38:00",222.02
"2015-02-11 18:39:00",222.03
"2015-02-11 18:40:00",221.97
"2015-02-11 18:41:00",222.08
"2015-02-11 18:42:00",221.98
"2015-02-11 18:43:00",221.95
"2015-02-11 18:44:00",221.88
"2015-02-11 18:45:00",221.7
"2015-02-11 18:46:00",221.71
"2015-02-11 18:47:00",221.74
"2015-02-11 18:48:00",221.81
"2015-02-11 18:49:00",221.84
"2015-02-11 18:50:00",221.85
"2015-02-11 18:51:00",221.84
"2015-02-11 18:52:00",221.87
"2015-02-11 18:53:00",221.9
"2015-02-11 18:54:00",221.88
"2015-02-11 18:55:00",221.88
"2015-02-11 18:56:00",221.92
"2015-02-11 18:57:00",221.93
"2015-02-11 18:58:00",221.94
"2015-02-11 18:59:00",221.98
"2015-02-11 19:00:00",221.9
"2015-02-11 19:01:00",221.93
"2015-02-11 19:02:00",221.96
"2015-02-11 19:03:00",221.86
"2015-02-11 19:04:00",221.88
"2015-02-11 19:05:00",221.83
"2015-02-11 19:06:00",221.87
"2015-02-11 19:07:00",221.93
"2015-02-11 19:08:00",221.79
"2015-02-11 19:09:00",221.74
"2015-02-11 19:10:00",221.74
"2015-02-11 19:11:00",221.78
"2015-02-11 19:12:00",221.75
"2015-02-11 19:13:00",221.88
"2015-02-11 19:14:00",221.79
"2015-02-11 19:15:00",221.79
"2015-02-11 19:16:00",221.78
"2015-02-11 19:17:00",221.71
"2015-02-11 19:18:00",221.66
"2015-02-11 19:19:00",221.24
"2015-02-11 19:20:00",221.61
"2015-02-11 19:21:00",221.52
"2015-02-11 19:22:00",221.53
"2015-02-11 19:23:00",221.41
"2015-02-11 19:24:00",221.37
"2015-02-11 19:25:00",221.53
"2015-02-11 19:26:00",221.54
"2015-02-11 19:27:00",221.59
"2015-02-11 19:28:00",221.42
"2015-02-11 19:29:00",221.38
"2015-02-11 19:30:00",221.43
"2015-02-11 19:31:00",221.31
"2015-02-11 19:32:00",221.28
"2015-02-11 19:33:00",221.27
"2015-02-11 19:34:00",221.25
"2015-02-11 19:35:00",221.28
"2015-02-11 19:36:00",221.3
"2015-02-11 19:37:00",221.29
"2015-02-11 19:38:00",221.31
"2015-02-11 19:39:00",221.3
"2015-02-11 19:40:00",221.36
"2015-02-11 19:41:00",221.24
"2015-02-11 19:42:00",221.18
"2015-02-11 19:43:00",221.26
"2015-02-11 19:44:00",221.24
"2015-02-11 19:45:00",221.19
"2015-02-11 19:46:00",221.11
"2015-02-11 19:47:00",221.05
"2015-02-11 19:48:00",220.53
"2015-02-11 19:49:00",220.03
"2015-02-11 19:50:00",219.9
"2015-02-11 19:51:00",219.96
"2015-02-11 19:52:00",219.53
"2015-02-11 19:53:00",219.49
"2015-02-11 19:54:00",219.54
"2015-02-11 19:55:00",219.53
"2015-02-11 19:56:00",219.61
"2015-02-11 19:57:00",219.51
"2015-02-11 19:58:00",219.37
"2015-02-11 19:59:00",219.29
"2015-02-11 20:00:00",219.54
"2015-02-11 20:01:00",219.56
"2015-02-11 20:02:00",219.37
"2015-02-11 20:03:00",218.99
"2015-02-11 20:04:00",218.66
"2015-02-11 20:05:00",218.17
"2015-02-11 20:06:00",218.55
"2015-02-11 20:07:00",218.57
"2015-02-11 20:08:00",218.65
"2015-02-11 20:09:00",218.51
"2015-02-11 20:10:00",218.57
"2015-02-11 20:11:00",218.43
"2015-02-11 20:12:00",218.77
"2015-02-11 20:13:00",218.93
"2015-02-11 20:14:00",218.95
"2015-02-11 20:15:00",218.81
"2015-02-11 20:16:00",218.68
"2015-02-11 20:17:00",218.61
"2015-02-11 20:18:00",218.64
"2015-02-11 20:19:00",218.62
"2015-02-11 20:20:00",218.62
"2015-02-11 20:21:00",218.6
"2015-02-11 20:22:00",218.38
"2015-02-11 20:23:00",218.37
"2015-02-11 20:24:00",218.53
"2015-02-11 20:25:00",218.39
"2015-02-11 20:26:00",218.47
"2015-02-11 20:27:00",218.32
"2015-02-11 20:28:00",218.32
"2015-02-11 20:29:00",218.48
"2015-02-11 20:30:00",218.49
"2015-02-11 20:31:00",218.49
"2015-02-11 20:32:00",218.39
"2015-02-11 20:33:00",218.45
"2015-02-11 20:34:00",218.47
"2015-02-11 20:35:00",218.67
"2015-02-11 20:36:00",218.77
"2015-02-11 20:37:00",218.71
"2015-02-11 20:38:00",218.66
"2015-02-11 20:39:00",218.91
"2015-02-11 20:40:00",218.54
"2015-02-11 20:41:00",219.3
"2015-02-11 20:42:00",219.15
"2015-02-11 20:43:00",219.24
"2015-02-11 20:44:00",219.19
"2015-02-11 20:45:00",219.05
"2015-02-11 20:46:00",219.09
"2015-02-11 20:47:00",219.11
"2015-02-11 20:48:00",219.16
"2015-02-11 20:49:00",219.12
"2015-02-11 20:50:00",219.03
"2015-02-11 20:51:00",218.95
"2015-02-11 20:52:00",219.08
"2015-02-11 20:53:00",218.99
"2015-02-11 20:54:00",218.92
"2015-02-11 20:55:00",219
"2015-02-11 20:56:00",218.95
"2015-02-11 20:57:00",218.88
"2015-02-11 20:58:00",218.87
"2015-02-11 20:59:00",218.82
"2015-02-11 21:00:00",218.79
"2015-02-11 21:01:00",218.84
"2015-02-11 21:02:00",218.84
"2015-02-11 21:03:00",218.87
"2015-02-11 21:04:00",218.65
"2015-02-11 21:05:00",218.68
"2015-02-11 21:06:00",218.64
"2015-02-11 21:07:00",218.62
"2015-02-11 21:08:00",218.66
"2015-02-11 21:09:00",218.57
"2015-02-11 21:10:00",218.52
"2015-02-11 21:11:00",218.57
"2015-02-11 21:12:00",218.51
"2015-02-11 21:13:00",218.46
"2015-02-11 21:14:00",218.51
"2015-02-11 21:15:00",218.56
"2015-02-11 21:16:00",218.59
"2015-02-11 21:17:00",218.62
"2015-02-11 21:18:00",218.81
"2015-02-11 21:19:00",218.81
"2015-02-11 21:20:00",218.73
"2015-02-11 21:21:00",218.82
"2015-02-11 21:22:00",218.87
"2015-02-11 21:23:00",218.79
"2015-02-11 21:24:00",218.72
"2015-02-11 21:25:00",218.68
"2015-02-11 21:26:00",218.66
"2015-02-11 21:27:00",218.73
"2015-02-11 21:28:00",218.67
"2015-02-11 21:29:00",218.75
"2015-02-11 21:30:00",218.73
"2015-02-11 21:31:00",218.77
"2015-02-11 21:32:00",218.75
"2015-02-11 21:33:00",218.82
"2015-02-11 21:34:00",218.87
"2015-02-11 21:35:00",218.94
"2015-02-11 21:36:00",219.06
"2015-02-11 21:37:00",219.14
"2015-02-11 21:38:00",219.15
"2015-02-11 21:39:00",219.09
"2015-02-11 21:40:00",219.12
"2015-02-11 21:41:00",219.02
"2015-02-11 21:42:00",219.06
"2015-02-11 21:43:00",219.12
"2015-02-11 21:44:00",219.07
"2015-02-11 21:45:00",218.99
"2015-02-11 21:46:00",219.03
"2015-02-11 21:47:00",218.97
"2015-02-11 21:48:00",218.95
"2015-02-11 21:49:00",218.85
"2015-02-11 21:50:00",218.82
"2015-02-11 21:51:00",218.77
"2015-02-11 21:52:00",218.78
"2015-02-11 21:53:00",218.9
"2015-02-11 21:54:00",218.73
"2015-02-11 21:55:00",218.78
"2015-02-11 21:56:00",218.84
"2015-02-11 21:57:00",218.86
"2015-02-11 21:58:00",218.85
"2015-02-11 21:59:00",218.86
"2015-02-11 22:00:00",218.9
"2015-02-11 22:01:00",218.87
"2015-02-11 22:02:00",218.88
"2015-02-11 22:03:00",218.95
"2015-02-11 22:04:00",219.39
"2015-02-11 22:05:00",219.37
"2015-02-11 22:06:00",219.37
"2015-02-11 22:07:00",219.45
"2015-02-11 22:08:00",219.59
"2015-02-11 22:09:00",219.47
"2015-02-11 22:10:00",219.41
"2015-02-11 22:11:00",219.27
"2015-02-11 22:12:00",219.2
"2015-02-11 22:13:00",219.18
"2015-02-11 22:14:00",219.14
"2015-02-11 22:15:00",219.14
"2015-02-11 22:16:00",219.08
"2015-02-11 22:17:00",219.05
"2015-02-11 22:18:00",219.14
"2015-02-11 22:19:00",219.09
"2015-02-11 22:20:00",219.08
"2015-02-11 22:21:00",219.17
"2015-02-11 22:22:00",219.07
"2015-02-11 22:23:00",219.07
"2015-02-11 22:24:00",218.91
"2015-02-11 22:25:00",218.92
"2015-02-11 22:26:00",219
"2015-02-11 22:27:00",219.12
"2015-02-11 22:28:00",219.24
"2015-02-11 22:29:00",219.21
"2015-02-11 22:30:00",219
"2015-02-11 22:31:00",219.2
"2015-02-11 22:32:00",219.1
"2015-02-11 22:33:00",219.03
"2015-02-11 22:34:00",219.18
"2015-02-11 22:35:00",219.22
"2015-02-11 22:36:00",219.22
"2015-02-11 22:37:00",219.15
"2015-02-11 22:38:00",219.26
"2015-02-11 22:39:00",219.18
"2015-02-11 22:40:00",219.26
"2015-02-11 22:41:00",219.21
"2015-02-11 22:42:00",219.26
"2015-02-11 22:43:00",219.3
"2015-02-11 22:44:00",219.14
"2015-02-11 22:45:00",219.07
"2015-02-11 22:46:00",219.03
"2015-02-11 22:47:00",219
"2015-02-11 22:48:00",218.77
"2015-02-11 22:49:00",218.92
"2015-02-11 22:50:00",218.99
"2015-02-11 22:51:00",219.05
"2015-02-11 22:52:00",219.07
"2015-02-11 22:53:00",219.09
"2015-02-11 22:54:00",219.09
"2015-02-11 22:55:00",219.11
"2015-02-11 22:56:00",219.14
"2015-02-11 22:57:00",219.17
"2015-02-11 22:58:00",219.29
"2015-02-11 22:59:00",219.23
"2015-02-11 23:00:00",219.2
"2015-02-11 23:01:00",219.23
"2015-02-11 23:02:00",219.18
"2015-02-11 23:03:00",219.2
"2015-02-11 23:04:00",219.19
"2015-02-11 23:05:00",219.24
"2015-02-11 23:06:00",219.27
"2015-02-11 23:07:00",219.15
"2015-02-11 23:08:00",219.2
"2015-02-11 23:09:00",218.99
"2015-02-11 23:10:00",218.94
"2015-02-11 23:11:00",218.76
"2015-02-11 23:12:00",218.71
"2015-02-11 23:13:00",218.83
"2015-02-11 23:14:00",218.79
"2015-02-11 23:15:00",218.75
"2015-02-11 23:16:00",218.78
"2015-02-11 23:17:00",218.86
"2015-02-11 23:18:00",218.92
"2015-02-11 23:19:00",219.01
"2015-02-11 23:20:00",218.92
"2015-02-11 23:21:00",218.93
"2015-02-11 23:22:00",218.94
"2015-02-11 23:23:00",219.05
"2015-02-11 23:24:00",219.03
"2015-02-11 23:25:00",219.05
"2015-02-11 23:26:00",219.08
"2015-02-11 23:27:00",219.09
"2015-02-11 23:28:00",219.08
"2015-02-11 23:29:00",219.09
"2015-02-11 23:30:00",219.08
"2015-02-11 23:31:00",219.1
"2015-02-11 23:32:00",219.07
"2015-02-11 23:33:00",219.07
"2015-02-11 23:34:00",219.16
"2015-02-11 23:35:00",219.07
"2015-02-11 23:36:00",218.92
"2015-02-11 23:37:00",219.07
"2015-02-11 23:38:00",219.08
"2015-02-11 23:39:00",219.02
"2015-02-11 23:40:00",219.09
"2015-02-11 23:41:00",219.01
"2015-02-11 23:42:00",219.04
"2015-02-11 23:43:00",219.12
"2015-02-11 23:44:00",219.05
"2015-02-11 23:45:00",219.02
"2015-02-11 23:46:00",219.1
"2015-02-11 23:47:00",219.12
"2015-02-11 23:48:00",219.09
"2015-02-11 23:49:00",219.2
"2015-02-11 23:50:00",219.14
"2015-02-11 23:51:00",219.14
"2015-02-11 23:52:00",219.09
"2015-02-11 23:53:00",219.15
"2015-02-11 23:54:00",219.14
"2015-02-11 23:55:00",219.16
"2015-02-11 23:56:00",219.27
"2015-02-11 23:57:00",219.3
"2015-02-11 23:58:00",219.3
"2015-02-11 23:59:00",219.38
"2015-02-12 00:01:00",219.55
"2015-02-12 00:02:00",219.58
"2015-02-12 00:03:00",219.51
"2015-02-12 00:04:00",219.28
"2015-02-12 00:05:00",219.19
"2015-02-12 00:06:00",219.1
"2015-02-12 00:07:00",219.1
"2015-02-12 00:08:00",219.19
"2015-02-12 00:09:00",219.24
"2015-02-12 00:10:00",219.19
"2015-02-12 00:11:00",219.17
"2015-02-12 00:12:00",219.19
"2015-02-12 00:13:00",219.13
"2015-02-12 00:14:00",219.14
"2015-02-12 00:15:00",219.18
"2015-02-12 00:16:00",219.15
"2015-02-12 00:17:00",219.15
"2015-02-12 00:18:00",219.23
"2015-02-12 00:19:00",219.15
"2015-02-12 00:20:00",219.16
"2015-02-12 00:21:00",219.24
"2015-02-12 00:22:00",219.06
"2015-02-12 00:23:00",219.05
"2015-02-12 00:24:00",219.01
"2015-02-12 00:25:00",219
"2015-02-12 00:26:00",219.01
"2015-02-12 00:27:00",219.07
"2015-02-12 00:28:00",219.08
"2015-02-12 00:29:00",219.07
"2015-02-12 00:30:00",218.99
"2015-02-12 00:31:00",219.08
"2015-02-12 00:32:00",218.92
"2015-02-12 00:33:00",218.94
"2015-02-12 00:34:00",219
"2015-02-12 00:35:00",219.01
"2015-02-12 00:36:00",219.09
"2015-02-12 00:37:00",219.13
"2015-02-12 00:38:00",219.03
"2015-02-12 00:39:00",219.05
"2015-02-12 00:40:00",219.09
"2015-02-12 00:41:00",219.07
"2015-02-12 00:42:00",219.07
"2015-02-12 00:43:00",219.12
"2015-02-12 00:44:00",219.27
"2015-02-12 00:45:00",219.15
"2015-02-12 00:46:00",219.15
"2015-02-12 00:47:00",219.2
"2015-02-12 00:48:00",219.18
"2015-02-12 00:49:00",219.1
"2015-02-12 00:50:00",219.2
"2015-02-12 00:51:00",219.19
"2015-02-12 00:52:00",219.15
"2015-02-12 00:53:00",219.13
"2015-02-12 00:54:00",219.18
"2015-02-12 00:55:00",219.15
"2015-02-12 00:56:00",219.17
"2015-02-12 00:57:00",219.13
"2015-02-12 00:58:00",219.14
"2015-02-12 00:59:00",219.1
"2015-02-12 01:00:00",219.02
"2015-02-12 01:01:00",219.06
"2015-02-12 01:02:00",219.01
"2015-02-12 01:03:00",219.12
"2015-02-12 01:04:00",219.12
"2015-02-12 01:05:00",219.16
"2015-02-12 01:06:00",219.1
"2015-02-12 01:07:00",219.11
"2015-02-12 01:08:00",219.12
"2015-02-12 01:09:00",219.13
"2015-02-12 01:10:00",219.14
"2015-02-12 01:11:00",219.11
"2015-02-12 01:12:00",219.13
"2015-02-12 01:13:00",219.27
"2015-02-12 01:14:00",219.23
"2015-02-12 01:15:00",218.91
"2015-02-12 01:16:00",218.99
"2015-02-12 01:17:00",218.93
"2015-02-12 01:18:00",218.97
"2015-02-12 01:19:00",219.01
"2015-02-12 01:20:00",218.9
"2015-02-12 01:21:00",218.84
"2015-02-12 01:22:00",218.87
"2015-02-12 01:23:00",218.82
"2015-02-12 01:24:00",218.79
"2015-02-12 01:25:00",218.83
"2015-02-12 01:26:00",218.93
"2015-02-12 01:27:00",218.79
"2015-02-12 01:28:00",218.73
"2015-02-12 01:29:00",218.71
"2015-02-12 01:30:00",218.71
"2015-02-12 01:31:00",218.75
"2015-02-12 01:32:00",218.85
"2015-02-12 01:33:00",218.82
"2015-02-12 01:34:00",218.81
"2015-02-12 01:35:00",218.73
"2015-02-12 01:36:00",218.69
"2015-02-12 01:37:00",218.69
"2015-02-12 01:38:00",218.61
"2015-02-12 01:39:00",218.69
"2015-02-12 01:40:00",218.73
"2015-02-12 01:41:00",218.74
"2015-02-12 01:42:00",218.74
"2015-02-12 01:43:00",218.66
"2015-02-12 01:44:00",218.68
"2015-02-12 01:45:00",218.68
"2015-02-12 01:46:00",218.71
"2015-02-12 01:47:00",218.69
"2015-02-12 01:48:00",218.7
"2015-02-12 01:49:00",218.72
"2015-02-12 01:50:00",218.71
"2015-02-12 01:51:00",218.79
"2015-02-12 01:52:00",218.71
"2015-02-12 01:53:00",218.74
"2015-02-12 01:54:00",218.8
"2015-02-12 01:55:00",218.98
"2015-02-12 01:56:00",219.05
"2015-02-12 01:57:00",218.98
"2015-02-12 01:58:00",218.98
"2015-02-12 01:59:00",219.01
"2015-02-12 02:00:00",218.98
"2015-02-12 02:01:00",218.99
"2015-02-12 02:02:00",219
"2015-02-12 02:03:00",218.94
"2015-02-12 02:04:00",218.95
"2015-02-12 02:05:00",218.98
"2015-02-12 02:06:00",218.94
"2015-02-12 02:07:00",219.01
"2015-02-12 02:08:00",219.03
"2015-02-12 02:09:00",218.97
"2015-02-12 02:10:00",219.04
"2015-02-12 02:11:00",219.03
"2015-02-12 02:12:00",219.04
"2015-02-12 02:13:00",219.02
"2015-02-12 02:14:00",219.02
"2015-02-12 02:15:00",218.99
"2015-02-12 02:16:00",219.01
"2015-02-12 02:17:00",218.92
"2015-02-12 02:18:00",218.74
"2015-02-12 02:19:00",218.63
"2015-02-12 02:20:00",218.61
"2015-02-12 02:21:00",218.47
"2015-02-12 02:22:00",218.4
"2015-02-12 02:23:00",218.39
"2015-02-12 02:24:00",218.39
"2015-02-12 02:25:00",218.38
"2015-02-12 02:26:00",218.33
"2015-02-12 02:27:00",218.32
"2015-02-12 02:28:00",218.4
"2015-02-12 02:29:00",218.52
"2015-02-12 02:30:00",218.57
"2015-02-12 02:31:00",218.6
"2015-02-12 02:32:00",218.57
"2015-02-12 02:33:00",218.58
"2015-02-12 02:34:00",218.64
"2015-02-12 02:35:00",218.49
"2015-02-12 02:36:00",218.44
"2015-02-12 02:37:00",218.28
"2015-02-12 02:38:00",218.4
"2015-02-12 02:39:00",218.3
"2015-02-12 02:40:00",218.29
"2015-02-12 02:41:00",218.28
"2015-02-12 02:42:00",218.31
"2015-02-12 02:43:00",218.36
"2015-02-12 02:44:00",218.49
"2015-02-12 02:45:00",218.42
"2015-02-12 02:46:00",218.45
"2015-02-12 02:47:00",218.58
"2015-02-12 02:48:00",218.63
"2015-02-12 02:49:00",218.54
"2015-02-12 02:50:00",218.52
"2015-02-12 02:51:00",218.58
"2015-02-12 02:52:00",218.55
"2015-02-12 02:53:00",218.6
"2015-02-12 02:54:00",218.61
"2015-02-12 02:55:00",218.62
"2015-02-12 02:56:00",218.57
"2015-02-12 02:57:00",218.58
"2015-02-12 02:58:00",218.6
"2015-02-12 02:59:00",218.67
"2015-02-12 03:00:00",218.69
"2015-02-12 03:01:00",218.71
"2015-02-12 03:02:00",218.67
"2015-02-12 03:03:00",218.69
"2015-02-12 03:04:00",218.74
"2015-02-12 03:05:00",218.74
"2015-02-12 03:06:00",218.74
"2015-02-12 03:07:00",218.76
"2015-02-12 03:08:00",218.68
"2015-02-12 03:09:00",218.65
"2015-02-12 03:10:00",218.6
"2015-02-12 03:11:00",218.6
"2015-02-12 03:12:00",218.59
"2015-02-12 03:13:00",218.56
"2015-02-12 03:14:00",218.56
"2015-02-12 03:15:00",218.65
"2015-02-12 03:16:00",218.62
"2015-02-12 03:17:00",218.56
"2015-02-12 03:18:00",218.52
"2015-02-12 03:19:00",218.53
"2015-02-12 03:20:00",218.48
"2015-02-12 03:21:00",218.52
"2015-02-12 03:22:00",218.56
"2015-02-12 03:23:00",218.63
"2015-02-12 03:24:00",218.65
"2015-02-12 03:25:00",218.58
"2015-02-12 03:26:00",218.58
"2015-02-12 03:27:00",218.66
"2015-02-12 03:28:00",218.59
"2015-02-12 03:29:00",218.59
"2015-02-12 03:30:00",218.63
"2015-02-12 03:31:00",218.67
"2015-02-12 03:32:00",218.6
"2015-02-12 03:33:00",218.52
"2015-02-12 03:34:00",218.61
"2015-02-12 03:35:00",218.59
"2015-02-12 03:36:00",218.58
"2015-02-12 03:37:00",218.57
"2015-02-12 03:38:00",218.69
"2015-02-12 03:39:00",218.7
"2015-02-12 03:40:00",218.69
"2015-02-12 03:41:00",218.77
"2015-02-12 03:42:00",218.8
"2015-02-12 03:43:00",218.75
"2015-02-12 03:44:00",218.82
"2015-02-12 03:45:00",218.77
"2015-02-12 03:46:00",218.79
"2015-02-12 03:47:00",218.78
"2015-02-12 03:48:00",218.76
"2015-02-12 03:49:00",218.78
"2015-02-12 03:50:00",218.83
"2015-02-12 03:51:00",218.78
"2015-02-12 03:52:00",218.74
"2015-02-12 03:53:00",218.8
"2015-02-12 03:54:00",218.94
"2015-02-12 03:55:00",218.73
"2015-02-12 03:56:00",218.77
"2015-02-12 03:57:00",218.77
"2015-02-12 03:58:00",218.74
"2015-02-12 03:59:00",218.8
"2015-02-12 04:00:00",218.73
"2015-02-12 04:01:00",218.73
"2015-02-12 04:02:00",218.8
"2015-02-12 04:03:00",218.83
"2015-02-12 04:04:00",218.73
"2015-02-12 04:05:00",218.76
"2015-02-12 04:06:00",218.89
"2015-02-12 04:07:00",218.88
"2015-02-12 04:08:00",218.9
"2015-02-12 04:09:00",218.91
"2015-02-12 04:10:00",218.93
"2015-02-12 04:11:00",218.84
"2015-02-12 04:12:00",218.85
"2015-02-12 04:13:00",218.85
"2015-02-12 04:14:00",218.83
"2015-02-12 04:15:00",218.92
"2015-02-12 04:16:00",218.84
"2015-02-12 04:17:00",218.78
"2015-02-12 04:18:00",218.81
"2015-02-12 04:19:00",218.8

"This data was produced from the CoinDesk Bitcoin Price Index. BPI value data is listed in USD."
http://www.coindesk.com/price/
